[2025-10-28 21:41:26.168] [NetDataInstance.cpp:360][Send] --------------------------------------------------------
[2025-10-28 21:41:26.168] [NetDataInstance.cpp:369][Send] x:0,	y:0,	z:0,	h:0,	p:0,	r:0
[2025-10-28 21:41:26.168] [NetDataInstance.cpp:377][Send] x:0,	y:0,	z:0,	h:0,	p:0,	r:0
[2025-10-28 21:41:26.168] [NetDataInstance.cpp:385][Send] x:0,	y:0,	z:0,	h:0,	p:0,	r:0
[2025-10-28 21:41:26.168] [NetDataInstance.cpp:393][Send] x:0,	y:0,	z:0,	h:0,	p:0,	r:0
[2025-10-28 21:41:26.169] [NetDataInstance.cpp:401][Send] x:0,	y:0,	z:0,	h:0,	p:0,	r:0
[2025-10-28 21:41:26.169] [NetDataInstance.cpp:409][Send] x:0,	y:0,	z:0,	h:0,	p:0,	r:0
[2025-10-28 21:41:26.169] [NetDataInstance.cpp:417][Send] x:0,	y:0,	z:0,	h:0,	p:0,	r:0
[2025-10-28 21:41:26.169] [NetDataInstance.cpp:425][Send] x:0,	y:0,	z:0,	h:0,	p:0,	r:0
[2025-10-28 21:41:26.173] [NetDataInstance.cpp:360][Send] --------------------------------------------------------
[2025-10-28 21:41:26.173] [NetDataInstance.cpp:369][Send] x:377689,	y:-660672,	z:2387.31,	h:190.011,	p:0,	r:0
[2025-10-28 21:41:26.173] [NetDataInstance.cpp:377][Send] x:378138,	y:-663131,	z:2387.31,	h:190.333,	p:0,	r:0
[2025-10-28 21:41:26.173] [NetDataInstance.cpp:385][Send] x:378600,	y:-665588,	z:2387.31,	h:190.653,	p:0,	r:0
[2025-10-28 21:41:26.174] [NetDataInstance.cpp:393][Send] x:379076,	y:-668042,	z:2387.31,	h:190.972,	p:5.46272e-05,	r:0
[2025-10-28 21:41:26.174] [NetDataInstance.cpp:401][Send] x:379566,	y:-670494,	z:2387.32,	h:191.29,	p:-0.00187225,	r:0
[2025-10-28 21:41:26.174] [NetDataInstance.cpp:409][Send] x:380069,	y:-672943,	z:2387.15,	h:191.608,	p:0.00212167,	r:0
[2025-10-28 21:41:26.174] [NetDataInstance.cpp:417][Send] x:380585,	y:-675389,	z:2387.42,	h:191.928,	p:0.072723,	r:0
[2025-10-28 21:41:26.174] [NetDataInstance.cpp:425][Send] x:380585,	y:-675389,	z:2387.42,	h:12.2487,	p:-0.143324,	r:0
[2025-10-28 21:41:26.176] [NetDataInstance.cpp:360][Send] --------------------------------------------------------
[2025-10-28 21:41:26.176] [NetDataInstance.cpp:369][Send] x:377689,	y:-660672,	z:2387.31,	h:190.011,	p:0,	r:0
[2025-10-28 21:41:26.176] [NetDataInstance.cpp:377][Send] x:378138,	y:-663131,	z:2387.31,	h:190.333,	p:0,	r:0
[2025-10-28 21:41:26.176] [NetDataInstance.cpp:385][Send] x:378600,	y:-665588,	z:2387.31,	h:190.653,	p:0,	r:0
[2025-10-28 21:41:26.177] [NetDataInstance.cpp:393][Send] x:379076,	y:-668042,	z:2387.31,	h:190.972,	p:5.46272e-05,	r:0
[2025-10-28 21:41:26.177] [NetDataInstance.cpp:401][Send] x:379566,	y:-670494,	z:2387.32,	h:191.29,	p:-0.00187225,	r:0
[2025-10-28 21:41:26.177] [NetDataInstance.cpp:409][Send] x:380069,	y:-672943,	z:2387.15,	h:191.608,	p:0.00212167,	r:0
[2025-10-28 21:41:26.177] [NetDataInstance.cpp:417][Send] x:380585,	y:-675389,	z:2387.42,	h:191.928,	p:0.072723,	r:0
[2025-10-28 21:41:26.177] [NetDataInstance.cpp:425][Send] x:380585,	y:-675389,	z:2387.42,	h:12.2487,	p:-0.143324,	r:0
[2025-10-28 21:41:26.179] [NetDataInstance.cpp:360][Send] --------------------------------------------------------
[2025-10-28 21:41:26.180] [NetDataInstance.cpp:369][Send] x:377689,	y:-660672,	z:2387.31,	h:190.011,	p:0,	r:0
[2025-10-28 21:41:26.180] [NetDataInstance.cpp:377][Send] x:378138,	y:-663131,	z:2387.31,	h:190.333,	p:0,	r:0
[2025-10-28 21:41:26.180] [NetDataInstance.cpp:385][Send] x:378600,	y:-665588,	z:2387.31,	h:190.653,	p:0,	r:0
[2025-10-28 21:41:26.180] [NetDataInstance.cpp:393][Send] x:379076,	y:-668042,	z:2387.31,	h:190.972,	p:5.46272e-05,	r:0
[2025-10-28 21:41:26.180] [NetDataInstance.cpp:401][Send] x:379566,	y:-670494,	z:2387.32,	h:191.29,	p:-0.00187225,	r:0
[2025-10-28 21:41:26.180] [NetDataInstance.cpp:409][Send] x:380069,	y:-672943,	z:2387.15,	h:191.608,	p:0.00212167,	r:0
[2025-10-28 21:41:26.180] [NetDataInstance.cpp:417][Send] x:380585,	y:-675389,	z:2387.42,	h:191.928,	p:0.072723,	r:0
[2025-10-28 21:41:26.180] [NetDataInstance.cpp:425][Send] x:380585,	y:-675389,	z:2387.42,	h:12.2487,	p:-0.143324,	r:0
[2025-10-28 21:41:26.183] [NetDataInstance.cpp:360][Send] --------------------------------------------------------
[2025-10-28 21:41:26.183] [NetDataInstance.cpp:369][Send] x:377689,	y:-660672,	z:2387.31,	h:190.011,	p:0,	r:0
[2025-10-28 21:41:26.183] [NetDataInstance.cpp:377][Send] x:378138,	y:-663131,	z:2387.31,	h:190.333,	p:0,	r:0
[2025-10-28 21:41:26.183] [NetDataInstance.cpp:385][Send] x:378600,	y:-665588,	z:2387.31,	h:190.653,	p:0,	r:0
[2025-10-28 21:41:26.183] [NetDataInstance.cpp:393][Send] x:379076,	y:-668042,	z:2387.31,	h:190.972,	p:5.46272e-05,	r:0
[2025-10-28 21:41:26.183] [NetDataInstance.cpp:401][Send] x:379566,	y:-670494,	z:2387.32,	h:191.29,	p:-0.00187225,	r:0
[2025-10-28 21:41:26.183] [NetDataInstance.cpp:409][Send] x:380069,	y:-672943,	z:2387.15,	h:191.608,	p:0.00212167,	r:0
[2025-10-28 21:41:26.184] [NetDataInstance.cpp:417][Send] x:380585,	y:-675389,	z:2387.42,	h:191.928,	p:0.072723,	r:0
[2025-10-28 21:41:26.184] [NetDataInstance.cpp:425][Send] x:380585,	y:-675389,	z:2387.42,	h:12.2487,	p:-0.143324,	r:0
[2025-10-28 21:41:26.212] [NetDataInstance.cpp:360][Send] --------------------------------------------------------
[2025-10-28 21:41:26.212] [NetDataInstance.cpp:369][Send] x:377689,	y:-660672,	z:2387.31,	h:190.011,	p:0,	r:0
[2025-10-28 21:41:26.212] [NetDataInstance.cpp:377][Send] x:378138,	y:-663131,	z:2387.31,	h:190.333,	p:0,	r:0
[2025-10-28 21:41:26.212] [NetDataInstance.cpp:385][Send] x:378600,	y:-665588,	z:2387.31,	h:190.653,	p:0,	r:0
[2025-10-28 21:41:26.212] [NetDataInstance.cpp:393][Send] x:379076,	y:-668042,	z:2387.31,	h:190.972,	p:5.46272e-05,	r:0
[2025-10-28 21:41:26.212] [NetDataInstance.cpp:401][Send] x:379566,	y:-670494,	z:2387.32,	h:191.29,	p:-0.00187225,	r:0
[2025-10-28 21:41:26.212] [NetDataInstance.cpp:409][Send] x:380069,	y:-672943,	z:2387.15,	h:191.608,	p:0.00212167,	r:0
[2025-10-28 21:41:26.212] [NetDataInstance.cpp:417][Send] x:380585,	y:-675389,	z:2387.42,	h:191.928,	p:0.072723,	r:0
[2025-10-28 21:41:26.213] [NetDataInstance.cpp:425][Send] x:380585,	y:-675389,	z:2387.42,	h:12.2487,	p:-0.143324,	r:0
[2025-10-28 21:41:26.214] [NetDataInstance.cpp:360][Send] --------------------------------------------------------
[2025-10-28 21:41:26.215] [NetDataInstance.cpp:369][Send] x:377689,	y:-660672,	z:2387.31,	h:190.011,	p:0,	r:0
[2025-10-28 21:41:26.215] [NetDataInstance.cpp:377][Send] x:378138,	y:-663131,	z:2387.31,	h:190.333,	p:0,	r:0
[2025-10-28 21:41:26.215] [NetDataInstance.cpp:385][Send] x:378600,	y:-665588,	z:2387.31,	h:190.653,	p:0,	r:0
[2025-10-28 21:41:26.215] [NetDataInstance.cpp:393][Send] x:379076,	y:-668042,	z:2387.31,	h:190.972,	p:5.46272e-05,	r:0
[2025-10-28 21:41:26.215] [NetDataInstance.cpp:401][Send] x:379566,	y:-670494,	z:2387.32,	h:191.29,	p:-0.00187225,	r:0
[2025-10-28 21:41:26.215] [NetDataInstance.cpp:409][Send] x:380069,	y:-672943,	z:2387.15,	h:191.608,	p:0.00212167,	r:0
[2025-10-28 21:41:26.215] [NetDataInstance.cpp:417][Send] x:380585,	y:-675389,	z:2387.42,	h:191.928,	p:0.072723,	r:0
[2025-10-28 21:41:26.215] [NetDataInstance.cpp:425][Send] x:380585,	y:-675389,	z:2387.42,	h:12.2487,	p:-0.143324,	r:0
[2025-10-28 21:41:26.243] [NetDataInstance.cpp:360][Send] --------------------------------------------------------
[2025-10-28 21:41:26.243] [NetDataInstance.cpp:369][Send] x:377689,	y:-660672,	z:2387.31,	h:190.011,	p:0,	r:0
[2025-10-28 21:41:26.243] [NetDataInstance.cpp:377][Send] x:378138,	y:-663131,	z:2387.31,	h:190.333,	p:0,	r:0
[2025-10-28 21:41:26.243] [NetDataInstance.cpp:385][Send] x:378600,	y:-665588,	z:2387.31,	h:190.653,	p:0,	r:0
[2025-10-28 21:41:26.244] [NetDataInstance.cpp:393][Send] x:379076,	y:-668042,	z:2387.31,	h:190.972,	p:5.46272e-05,	r:0
[2025-10-28 21:41:26.244] [NetDataInstance.cpp:401][Send] x:379566,	y:-670494,	z:2387.32,	h:191.29,	p:-0.00187225,	r:0
[2025-10-28 21:41:26.244] [NetDataInstance.cpp:409][Send] x:380069,	y:-672943,	z:2387.15,	h:191.608,	p:0.00212167,	r:0
[2025-10-28 21:41:26.244] [NetDataInstance.cpp:417][Send] x:380585,	y:-675389,	z:2387.42,	h:191.928,	p:0.072723,	r:0
[2025-10-28 21:41:26.244] [NetDataInstance.cpp:425][Send] x:380585,	y:-675389,	z:2387.42,	h:12.2487,	p:-0.143324,	r:0
[2025-10-28 21:41:26.258] [NetDataInstance.cpp:360][Send] --------------------------------------------------------
[2025-10-28 21:41:26.258] [NetDataInstance.cpp:369][Send] x:377689,	y:-660672,	z:2387.31,	h:190.011,	p:0,	r:0
[2025-10-28 21:41:26.258] [NetDataInstance.cpp:377][Send] x:378138,	y:-663131,	z:2387.31,	h:190.333,	p:0,	r:0
[2025-10-28 21:41:26.259] [NetDataInstance.cpp:385][Send] x:378600,	y:-665588,	z:2387.31,	h:190.653,	p:0,	r:0
[2025-10-28 21:41:26.259] [NetDataInstance.cpp:393][Send] x:379076,	y:-668042,	z:2387.31,	h:190.972,	p:5.46272e-05,	r:0
[2025-10-28 21:41:26.259] [NetDataInstance.cpp:401][Send] x:379566,	y:-670494,	z:2387.32,	h:191.29,	p:-0.00187225,	r:0
[2025-10-28 21:41:26.259] [NetDataInstance.cpp:409][Send] x:380069,	y:-672943,	z:2387.15,	h:191.608,	p:0.00212167,	r:0
[2025-10-28 21:41:26.259] [NetDataInstance.cpp:417][Send] x:380585,	y:-675389,	z:2387.42,	h:191.928,	p:0.072723,	r:0
[2025-10-28 21:41:26.259] [NetDataInstance.cpp:425][Send] x:380585,	y:-675389,	z:2387.42,	h:12.2487,	p:-0.143324,	r:0
[2025-10-28 21:41:26.274] [NetDataInstance.cpp:360][Send] --------------------------------------------------------
[2025-10-28 21:41:26.274] [NetDataInstance.cpp:369][Send] x:377689,	y:-660672,	z:2387.31,	h:190.011,	p:0,	r:0
[2025-10-28 21:41:26.274] [NetDataInstance.cpp:377][Send] x:378138,	y:-663131,	z:2387.31,	h:190.333,	p:0,	r:0
[2025-10-28 21:41:26.274] [NetDataInstance.cpp:385][Send] x:378600,	y:-665588,	z:2387.31,	h:190.653,	p:0,	r:0
[2025-10-28 21:41:26.275] [NetDataInstance.cpp:393][Send] x:379076,	y:-668042,	z:2387.31,	h:190.972,	p:5.46272e-05,	r:0
[2025-10-28 21:41:26.275] [NetDataInstance.cpp:401][Send] x:379566,	y:-670494,	z:2387.32,	h:191.29,	p:-0.00187225,	r:0
[2025-10-28 21:41:26.275] [NetDataInstance.cpp:409][Send] x:380069,	y:-672943,	z:2387.15,	h:191.608,	p:0.00212167,	r:0
[2025-10-28 21:41:26.275] [NetDataInstance.cpp:417][Send] x:380585,	y:-675389,	z:2387.42,	h:191.928,	p:0.072723,	r:0
[2025-10-28 21:41:26.275] [NetDataInstance.cpp:425][Send] x:380585,	y:-675389,	z:2387.42,	h:12.2487,	p:-0.143324,	r:0
[2025-10-28 21:41:26.290] [NetDataInstance.cpp:360][Send] --------------------------------------------------------
[2025-10-28 21:41:26.290] [NetDataInstance.cpp:369][Send] x:377689,	y:-660672,	z:2387.31,	h:190.011,	p:0,	r:0
[2025-10-28 21:41:26.290] [NetDataInstance.cpp:377][Send] x:378138,	y:-663131,	z:2387.31,	h:190.333,	p:0,	r:0
[2025-10-28 21:41:26.290] [NetDataInstance.cpp:385][Send] x:378600,	y:-665588,	z:2387.31,	h:190.653,	p:0,	r:0
[2025-10-28 21:41:26.290] [NetDataInstance.cpp:393][Send] x:379076,	y:-668042,	z:2387.31,	h:190.972,	p:5.46272e-05,	r:0
[2025-10-28 21:41:26.290] [NetDataInstance.cpp:401][Send] x:379566,	y:-670494,	z:2387.32,	h:191.29,	p:-0.00187225,	r:0
[2025-10-28 21:41:26.290] [NetDataInstance.cpp:409][Send] x:380069,	y:-672943,	z:2387.15,	h:191.608,	p:0.00212167,	r:0
[2025-10-28 21:41:26.291] [NetDataInstance.cpp:417][Send] x:380585,	y:-675389,	z:2387.42,	h:191.928,	p:0.072723,	r:0
[2025-10-28 21:41:26.291] [NetDataInstance.cpp:425][Send] x:380585,	y:-675389,	z:2387.42,	h:12.2487,	p:-0.143324,	r:0
[2025-10-28 21:41:26.304] [NetDataInstance.cpp:360][Send] --------------------------------------------------------
[2025-10-28 21:41:26.305] [NetDataInstance.cpp:369][Send] x:377689,	y:-660672,	z:2387.31,	h:190.011,	p:0,	r:0
[2025-10-28 21:41:26.305] [NetDataInstance.cpp:377][Send] x:378138,	y:-663131,	z:2387.31,	h:190.333,	p:0,	r:0
[2025-10-28 21:41:26.305] [NetDataInstance.cpp:385][Send] x:378600,	y:-665588,	z:2387.31,	h:190.653,	p:0,	r:0
[2025-10-28 21:41:26.305] [NetDataInstance.cpp:393][Send] x:379076,	y:-668042,	z:2387.31,	h:190.972,	p:5.46272e-05,	r:0
[2025-10-28 21:41:26.305] [NetDataInstance.cpp:401][Send] x:379566,	y:-670494,	z:2387.32,	h:191.29,	p:-0.00187225,	r:0
[2025-10-28 21:41:26.305] [NetDataInstance.cpp:409][Send] x:380069,	y:-672943,	z:2387.15,	h:191.608,	p:0.00212167,	r:0
[2025-10-28 21:41:26.305] [NetDataInstance.cpp:417][Send] x:380585,	y:-675389,	z:2387.42,	h:191.928,	p:0.072723,	r:0
[2025-10-28 21:41:26.305] [NetDataInstance.cpp:425][Send] x:380585,	y:-675389,	z:2387.42,	h:12.2487,	p:-0.143324,	r:0
[2025-10-28 21:41:26.319] [NetDataInstance.cpp:360][Send] --------------------------------------------------------
[2025-10-28 21:41:26.319] [NetDataInstance.cpp:369][Send] x:377689,	y:-660672,	z:2387.31,	h:190.011,	p:0,	r:0
[2025-10-28 21:41:26.319] [NetDataInstance.cpp:377][Send] x:378138,	y:-663131,	z:2387.31,	h:190.333,	p:0,	r:0
[2025-10-28 21:41:26.320] [NetDataInstance.cpp:385][Send] x:378600,	y:-665588,	z:2387.31,	h:190.653,	p:0,	r:0
[2025-10-28 21:41:26.320] [NetDataInstance.cpp:393][Send] x:379076,	y:-668042,	z:2387.31,	h:190.972,	p:5.46272e-05,	r:0
[2025-10-28 21:41:26.320] [NetDataInstance.cpp:401][Send] x:379566,	y:-670494,	z:2387.32,	h:191.29,	p:-0.00187225,	r:0
[2025-10-28 21:41:26.320] [NetDataInstance.cpp:409][Send] x:380069,	y:-672943,	z:2387.15,	h:191.608,	p:0.00212167,	r:0
[2025-10-28 21:41:26.320] [NetDataInstance.cpp:417][Send] x:380585,	y:-675389,	z:2387.42,	h:191.928,	p:0.072723,	r:0
[2025-10-28 21:41:26.320] [NetDataInstance.cpp:425][Send] x:380585,	y:-675389,	z:2387.42,	h:12.2487,	p:-0.143324,	r:0
[2025-10-28 21:41:26.334] [NetDataInstance.cpp:360][Send] --------------------------------------------------------
[2025-10-28 21:41:26.334] [NetDataInstance.cpp:369][Send] x:377689,	y:-660672,	z:2387.31,	h:190.011,	p:0,	r:0
[2025-10-28 21:41:26.334] [NetDataInstance.cpp:377][Send] x:378138,	y:-663131,	z:2387.31,	h:190.333,	p:0,	r:0
[2025-10-28 21:41:26.334] [NetDataInstance.cpp:385][Send] x:378600,	y:-665588,	z:2387.31,	h:190.653,	p:0,	r:0
[2025-10-28 21:41:26.334] [NetDataInstance.cpp:393][Send] x:379076,	y:-668042,	z:2387.31,	h:190.972,	p:5.46272e-05,	r:0
[2025-10-28 21:41:26.335] [NetDataInstance.cpp:401][Send] x:379566,	y:-670494,	z:2387.32,	h:191.29,	p:-0.00187225,	r:0
[2025-10-28 21:41:26.335] [NetDataInstance.cpp:409][Send] x:380069,	y:-672943,	z:2387.15,	h:191.608,	p:0.00212167,	r:0
[2025-10-28 21:41:26.335] [NetDataInstance.cpp:417][Send] x:380585,	y:-675389,	z:2387.42,	h:191.928,	p:0.072723,	r:0
[2025-10-28 21:41:26.335] [NetDataInstance.cpp:425][Send] x:380585,	y:-675389,	z:2387.42,	h:12.2487,	p:-0.143324,	r:0
[2025-10-28 21:41:26.364] [NetDataInstance.cpp:360][Send] --------------------------------------------------------
[2025-10-28 21:41:26.364] [NetDataInstance.cpp:369][Send] x:377689,	y:-660672,	z:2387.31,	h:190.011,	p:0,	r:0
[2025-10-28 21:41:26.364] [NetDataInstance.cpp:377][Send] x:378138,	y:-663131,	z:2387.31,	h:190.333,	p:0,	r:0
[2025-10-28 21:41:26.364] [NetDataInstance.cpp:385][Send] x:378600,	y:-665588,	z:2387.31,	h:190.653,	p:0,	r:0
[2025-10-28 21:41:26.364] [NetDataInstance.cpp:393][Send] x:379076,	y:-668042,	z:2387.31,	h:190.972,	p:5.46272e-05,	r:0
[2025-10-28 21:41:26.364] [NetDataInstance.cpp:401][Send] x:379566,	y:-670494,	z:2387.32,	h:191.29,	p:-0.00187225,	r:0
[2025-10-28 21:41:26.365] [NetDataInstance.cpp:409][Send] x:380069,	y:-672943,	z:2387.15,	h:191.608,	p:0.00212167,	r:0
[2025-10-28 21:41:26.365] [NetDataInstance.cpp:417][Send] x:380585,	y:-675389,	z:2387.42,	h:191.928,	p:0.072723,	r:0
[2025-10-28 21:41:26.365] [NetDataInstance.cpp:425][Send] x:380585,	y:-675389,	z:2387.42,	h:12.2487,	p:-0.143324,	r:0
[2025-10-28 21:41:26.379] [NetDataInstance.cpp:360][Send] --------------------------------------------------------
[2025-10-28 21:41:26.379] [NetDataInstance.cpp:369][Send] x:377689,	y:-660672,	z:2387.31,	h:190.011,	p:0,	r:0
[2025-10-28 21:41:26.379] [NetDataInstance.cpp:377][Send] x:378138,	y:-663131,	z:2387.31,	h:190.333,	p:0,	r:0
[2025-10-28 21:41:26.379] [NetDataInstance.cpp:385][Send] x:378600,	y:-665588,	z:2387.31,	h:190.653,	p:0,	r:0
[2025-10-28 21:41:26.379] [NetDataInstance.cpp:393][Send] x:379076,	y:-668042,	z:2387.31,	h:190.972,	p:5.46272e-05,	r:0
[2025-10-28 21:41:26.380] [NetDataInstance.cpp:401][Send] x:379566,	y:-670494,	z:2387.32,	h:191.29,	p:-0.00187225,	r:0
[2025-10-28 21:41:26.380] [NetDataInstance.cpp:409][Send] x:380069,	y:-672943,	z:2387.15,	h:191.608,	p:0.00212167,	r:0
[2025-10-28 21:41:26.380] [NetDataInstance.cpp:417][Send] x:380585,	y:-675389,	z:2387.42,	h:191.928,	p:0.072723,	r:0
[2025-10-28 21:41:26.380] [NetDataInstance.cpp:425][Send] x:380585,	y:-675389,	z:2387.42,	h:12.2487,	p:-0.143324,	r:0
[2025-10-28 21:41:26.395] [NetDataInstance.cpp:360][Send] --------------------------------------------------------
[2025-10-28 21:41:26.396] [NetDataInstance.cpp:369][Send] x:377689,	y:-660672,	z:2387.31,	h:190.011,	p:0,	r:0
[2025-10-28 21:41:26.396] [NetDataInstance.cpp:377][Send] x:378138,	y:-663131,	z:2387.31,	h:190.333,	p:0,	r:0
[2025-10-28 21:41:26.396] [NetDataInstance.cpp:385][Send] x:378600,	y:-665588,	z:2387.31,	h:190.653,	p:0,	r:0
[2025-10-28 21:41:26.397] [NetDataInstance.cpp:393][Send] x:379076,	y:-668042,	z:2387.31,	h:190.972,	p:5.46272e-05,	r:0
[2025-10-28 21:41:26.397] [NetDataInstance.cpp:401][Send] x:379566,	y:-670494,	z:2387.32,	h:191.29,	p:-0.00187225,	r:0
[2025-10-28 21:41:26.397] [NetDataInstance.cpp:409][Send] x:380069,	y:-672943,	z:2387.15,	h:191.608,	p:0.00212167,	r:0
[2025-10-28 21:41:26.398] [NetDataInstance.cpp:417][Send] x:380585,	y:-675389,	z:2387.42,	h:191.928,	p:0.072723,	r:0
[2025-10-28 21:41:26.398] [NetDataInstance.cpp:425][Send] x:380585,	y:-675389,	z:2387.42,	h:12.2487,	p:-0.143324,	r:0
[2025-10-28 21:41:26.405] [NetDataInstance.cpp:360][Send] --------------------------------------------------------
[2025-10-28 21:41:26.405] [NetDataInstance.cpp:369][Send] x:377689,	y:-660672,	z:2387.31,	h:190.011,	p:0,	r:0
[2025-10-28 21:41:26.405] [NetDataInstance.cpp:377][Send] x:378138,	y:-663131,	z:2387.31,	h:190.333,	p:0,	r:0
[2025-10-28 21:41:26.405] [NetDataInstance.cpp:385][Send] x:378600,	y:-665588,	z:2387.31,	h:190.653,	p:0,	r:0
[2025-10-28 21:41:26.405] [NetDataInstance.cpp:393][Send] x:379076,	y:-668042,	z:2387.31,	h:190.972,	p:5.46272e-05,	r:0
[2025-10-28 21:41:26.406] [NetDataInstance.cpp:401][Send] x:379566,	y:-670494,	z:2387.32,	h:191.29,	p:-0.00187225,	r:0
[2025-10-28 21:41:26.406] [NetDataInstance.cpp:409][Send] x:380069,	y:-672943,	z:2387.15,	h:191.608,	p:0.00212167,	r:0
[2025-10-28 21:41:26.406] [NetDataInstance.cpp:417][Send] x:380585,	y:-675389,	z:2387.42,	h:191.928,	p:0.072723,	r:0
[2025-10-28 21:41:26.406] [NetDataInstance.cpp:425][Send] x:380585,	y:-675389,	z:2387.42,	h:12.2487,	p:-0.143324,	r:0
[2025-10-28 21:41:26.425] [NetDataInstance.cpp:360][Send] --------------------------------------------------------
[2025-10-28 21:41:26.425] [NetDataInstance.cpp:369][Send] x:377689,	y:-660672,	z:2387.31,	h:190.011,	p:0,	r:0
[2025-10-28 21:41:26.426] [NetDataInstance.cpp:377][Send] x:378138,	y:-663131,	z:2387.31,	h:190.333,	p:0,	r:0
[2025-10-28 21:41:26.426] [NetDataInstance.cpp:385][Send] x:378600,	y:-665588,	z:2387.31,	h:190.653,	p:0,	r:0
[2025-10-28 21:41:26.426] [NetDataInstance.cpp:393][Send] x:379076,	y:-668042,	z:2387.31,	h:190.972,	p:5.46272e-05,	r:0
[2025-10-28 21:41:26.426] [NetDataInstance.cpp:401][Send] x:379566,	y:-670494,	z:2387.32,	h:191.29,	p:-0.00187225,	r:0
[2025-10-28 21:41:26.426] [NetDataInstance.cpp:409][Send] x:380069,	y:-672943,	z:2387.15,	h:191.608,	p:0.00212167,	r:0
[2025-10-28 21:41:26.426] [NetDataInstance.cpp:417][Send] x:380585,	y:-675389,	z:2387.42,	h:191.928,	p:0.072723,	r:0
[2025-10-28 21:41:26.426] [NetDataInstance.cpp:425][Send] x:380585,	y:-675389,	z:2387.42,	h:12.2487,	p:-0.143324,	r:0
[2025-10-28 21:41:26.440] [NetDataInstance.cpp:360][Send] --------------------------------------------------------
[2025-10-28 21:41:26.440] [NetDataInstance.cpp:369][Send] x:377689,	y:-660672,	z:2387.31,	h:190.011,	p:0,	r:0
[2025-10-28 21:41:26.440] [NetDataInstance.cpp:377][Send] x:378138,	y:-663131,	z:2387.31,	h:190.333,	p:0,	r:0
[2025-10-28 21:41:26.441] [NetDataInstance.cpp:385][Send] x:378600,	y:-665588,	z:2387.31,	h:190.653,	p:0,	r:0
[2025-10-28 21:41:26.441] [NetDataInstance.cpp:393][Send] x:379076,	y:-668042,	z:2387.31,	h:190.972,	p:5.46272e-05,	r:0
[2025-10-28 21:41:26.441] [NetDataInstance.cpp:401][Send] x:379566,	y:-670494,	z:2387.32,	h:191.29,	p:-0.00187225,	r:0
[2025-10-28 21:41:26.441] [NetDataInstance.cpp:409][Send] x:380069,	y:-672943,	z:2387.15,	h:191.608,	p:0.00212167,	r:0
[2025-10-28 21:41:26.441] [NetDataInstance.cpp:417][Send] x:380585,	y:-675389,	z:2387.42,	h:191.928,	p:0.072723,	r:0
[2025-10-28 21:41:26.441] [NetDataInstance.cpp:425][Send] x:380585,	y:-675389,	z:2387.42,	h:12.2487,	p:-0.143324,	r:0
[2025-10-28 21:41:26.455] [NetDataInstance.cpp:360][Send] --------------------------------------------------------
[2025-10-28 21:41:26.455] [NetDataInstance.cpp:369][Send] x:377689,	y:-660672,	z:2387.31,	h:190.011,	p:0,	r:0
[2025-10-28 21:41:26.455] [NetDataInstance.cpp:377][Send] x:378138,	y:-663131,	z:2387.31,	h:190.333,	p:0,	r:0
[2025-10-28 21:41:26.456] [NetDataInstance.cpp:385][Send] x:378600,	y:-665588,	z:2387.31,	h:190.653,	p:0,	r:0
[2025-10-28 21:41:26.456] [NetDataInstance.cpp:393][Send] x:379076,	y:-668042,	z:2387.31,	h:190.972,	p:5.46272e-05,	r:0
[2025-10-28 21:41:26.456] [NetDataInstance.cpp:401][Send] x:379566,	y:-670494,	z:2387.32,	h:191.29,	p:-0.00187225,	r:0
[2025-10-28 21:41:26.456] [NetDataInstance.cpp:409][Send] x:380069,	y:-672943,	z:2387.15,	h:191.608,	p:0.00212167,	r:0
[2025-10-28 21:41:26.456] [NetDataInstance.cpp:417][Send] x:380585,	y:-675389,	z:2387.42,	h:191.928,	p:0.072723,	r:0
[2025-10-28 21:41:26.456] [NetDataInstance.cpp:425][Send] x:380585,	y:-675389,	z:2387.42,	h:12.2487,	p:-0.143324,	r:0
[2025-10-28 21:41:26.471] [NetDataInstance.cpp:360][Send] --------------------------------------------------------
[2025-10-28 21:41:26.471] [NetDataInstance.cpp:369][Send] x:377689,	y:-660672,	z:2387.31,	h:190.011,	p:0,	r:0
[2025-10-28 21:41:26.471] [NetDataInstance.cpp:377][Send] x:378138,	y:-663131,	z:2387.31,	h:190.333,	p:0,	r:0
[2025-10-28 21:41:26.471] [NetDataInstance.cpp:385][Send] x:378600,	y:-665588,	z:2387.31,	h:190.653,	p:0,	r:0
[2025-10-28 21:41:26.471] [NetDataInstance.cpp:393][Send] x:379076,	y:-668042,	z:2387.31,	h:190.972,	p:5.46272e-05,	r:0
[2025-10-28 21:41:26.471] [NetDataInstance.cpp:401][Send] x:379566,	y:-670494,	z:2387.32,	h:191.29,	p:-0.00187225,	r:0
[2025-10-28 21:41:26.471] [NetDataInstance.cpp:409][Send] x:380069,	y:-672943,	z:2387.15,	h:191.608,	p:0.00212167,	r:0
[2025-10-28 21:41:26.471] [NetDataInstance.cpp:417][Send] x:380585,	y:-675389,	z:2387.42,	h:191.928,	p:0.072723,	r:0
[2025-10-28 21:41:26.471] [NetDataInstance.cpp:425][Send] x:380585,	y:-675389,	z:2387.42,	h:12.2487,	p:-0.143324,	r:0
[2025-10-28 21:41:26.486] [NetDataInstance.cpp:360][Send] --------------------------------------------------------
[2025-10-28 21:41:26.486] [NetDataInstance.cpp:369][Send] x:377689,	y:-660672,	z:2387.31,	h:190.011,	p:0,	r:0
[2025-10-28 21:41:26.486] [NetDataInstance.cpp:377][Send] x:378138,	y:-663131,	z:2387.31,	h:190.333,	p:0,	r:0
[2025-10-28 21:41:26.486] [NetDataInstance.cpp:385][Send] x:378600,	y:-665588,	z:2387.31,	h:190.653,	p:0,	r:0
[2025-10-28 21:41:26.486] [NetDataInstance.cpp:393][Send] x:379076,	y:-668042,	z:2387.31,	h:190.972,	p:5.46272e-05,	r:0
[2025-10-28 21:41:26.487] [NetDataInstance.cpp:401][Send] x:379566,	y:-670494,	z:2387.32,	h:191.29,	p:-0.00187225,	r:0
[2025-10-28 21:41:26.487] [NetDataInstance.cpp:409][Send] x:380069,	y:-672943,	z:2387.15,	h:191.608,	p:0.00212167,	r:0
[2025-10-28 21:41:26.487] [NetDataInstance.cpp:417][Send] x:380585,	y:-675389,	z:2387.42,	h:191.928,	p:0.072723,	r:0
[2025-10-28 21:41:26.487] [NetDataInstance.cpp:425][Send] x:380585,	y:-675389,	z:2387.42,	h:12.2487,	p:-0.143324,	r:0
[2025-10-28 21:41:26.516] [NetDataInstance.cpp:360][Send] --------------------------------------------------------
[2025-10-28 21:41:26.516] [NetDataInstance.cpp:369][Send] x:377689,	y:-660672,	z:2387.31,	h:190.011,	p:0,	r:0
[2025-10-28 21:41:26.516] [NetDataInstance.cpp:377][Send] x:378138,	y:-663131,	z:2387.31,	h:190.333,	p:0,	r:0
[2025-10-28 21:41:26.516] [NetDataInstance.cpp:385][Send] x:378600,	y:-665588,	z:2387.31,	h:190.653,	p:0,	r:0
[2025-10-28 21:41:26.516] [NetDataInstance.cpp:393][Send] x:379076,	y:-668042,	z:2387.31,	h:190.972,	p:5.46272e-05,	r:0
[2025-10-28 21:41:26.516] [NetDataInstance.cpp:401][Send] x:379566,	y:-670494,	z:2387.32,	h:191.29,	p:-0.00187225,	r:0
[2025-10-28 21:41:26.516] [NetDataInstance.cpp:409][Send] x:380069,	y:-672943,	z:2387.15,	h:191.608,	p:0.00212167,	r:0
[2025-10-28 21:41:26.517] [NetDataInstance.cpp:417][Send] x:380585,	y:-675389,	z:2387.42,	h:191.928,	p:0.072723,	r:0
[2025-10-28 21:41:26.517] [NetDataInstance.cpp:425][Send] x:380585,	y:-675389,	z:2387.42,	h:12.2487,	p:-0.143324,	r:0
[2025-10-28 21:41:26.532] [NetDataInstance.cpp:360][Send] --------------------------------------------------------
[2025-10-28 21:41:26.532] [NetDataInstance.cpp:369][Send] x:377689,	y:-660672,	z:2387.31,	h:190.011,	p:0,	r:0
[2025-10-28 21:41:26.532] [NetDataInstance.cpp:377][Send] x:378138,	y:-663131,	z:2387.31,	h:190.333,	p:0,	r:0
[2025-10-28 21:41:26.532] [NetDataInstance.cpp:385][Send] x:378600,	y:-665588,	z:2387.31,	h:190.653,	p:0,	r:0
[2025-10-28 21:41:26.532] [NetDataInstance.cpp:393][Send] x:379076,	y:-668042,	z:2387.31,	h:190.972,	p:5.46272e-05,	r:0
[2025-10-28 21:41:26.532] [NetDataInstance.cpp:401][Send] x:379566,	y:-670494,	z:2387.32,	h:191.29,	p:-0.00187225,	r:0
[2025-10-28 21:41:26.533] [NetDataInstance.cpp:409][Send] x:380069,	y:-672943,	z:2387.15,	h:191.608,	p:0.00212167,	r:0
[2025-10-28 21:41:26.533] [NetDataInstance.cpp:417][Send] x:380585,	y:-675389,	z:2387.42,	h:191.928,	p:0.072723,	r:0
[2025-10-28 21:41:26.533] [NetDataInstance.cpp:425][Send] x:380585,	y:-675389,	z:2387.42,	h:12.2487,	p:-0.143324,	r:0
[2025-10-28 21:41:26.547] [NetDataInstance.cpp:360][Send] --------------------------------------------------------
[2025-10-28 21:41:26.547] [NetDataInstance.cpp:369][Send] x:377689,	y:-660672,	z:2387.31,	h:190.011,	p:0,	r:0
[2025-10-28 21:41:26.547] [NetDataInstance.cpp:377][Send] x:378138,	y:-663131,	z:2387.31,	h:190.333,	p:0,	r:0
[2025-10-28 21:41:26.547] [NetDataInstance.cpp:385][Send] x:378600,	y:-665588,	z:2387.31,	h:190.653,	p:0,	r:0
[2025-10-28 21:41:26.548] [NetDataInstance.cpp:393][Send] x:379076,	y:-668042,	z:2387.31,	h:190.972,	p:5.46272e-05,	r:0
[2025-10-28 21:41:26.548] [NetDataInstance.cpp:401][Send] x:379566,	y:-670494,	z:2387.32,	h:191.29,	p:-0.00187225,	r:0
[2025-10-28 21:41:26.548] [NetDataInstance.cpp:409][Send] x:380069,	y:-672943,	z:2387.15,	h:191.608,	p:0.00212167,	r:0
[2025-10-28 21:41:26.548] [NetDataInstance.cpp:417][Send] x:380585,	y:-675389,	z:2387.42,	h:191.928,	p:0.072723,	r:0
[2025-10-28 21:41:26.548] [NetDataInstance.cpp:425][Send] x:380585,	y:-675389,	z:2387.42,	h:12.2487,	p:-0.143324,	r:0
[2025-10-28 21:41:26.562] [NetDataInstance.cpp:360][Send] --------------------------------------------------------
[2025-10-28 21:41:26.562] [NetDataInstance.cpp:369][Send] x:377689,	y:-660672,	z:2387.31,	h:190.011,	p:0,	r:0
[2025-10-28 21:41:26.562] [NetDataInstance.cpp:377][Send] x:378138,	y:-663131,	z:2387.31,	h:190.333,	p:0,	r:0
[2025-10-28 21:41:26.562] [NetDataInstance.cpp:385][Send] x:378600,	y:-665588,	z:2387.31,	h:190.653,	p:0,	r:0
[2025-10-28 21:41:26.563] [NetDataInstance.cpp:393][Send] x:379076,	y:-668042,	z:2387.31,	h:190.972,	p:5.46272e-05,	r:0
[2025-10-28 21:41:26.563] [NetDataInstance.cpp:401][Send] x:379566,	y:-670494,	z:2387.32,	h:191.29,	p:-0.00187225,	r:0
[2025-10-28 21:41:26.563] [NetDataInstance.cpp:409][Send] x:380069,	y:-672943,	z:2387.15,	h:191.608,	p:0.00212167,	r:0
[2025-10-28 21:41:26.563] [NetDataInstance.cpp:417][Send] x:380585,	y:-675389,	z:2387.42,	h:191.928,	p:0.072723,	r:0
[2025-10-28 21:41:26.563] [NetDataInstance.cpp:425][Send] x:380585,	y:-675389,	z:2387.42,	h:12.2487,	p:-0.143324,	r:0
[2025-10-28 21:41:26.577] [NetDataInstance.cpp:360][Send] --------------------------------------------------------
[2025-10-28 21:41:26.577] [NetDataInstance.cpp:369][Send] x:377689,	y:-660672,	z:2387.31,	h:190.011,	p:0,	r:0
[2025-10-28 21:41:26.577] [NetDataInstance.cpp:377][Send] x:378138,	y:-663131,	z:2387.31,	h:190.333,	p:0,	r:0
[2025-10-28 21:41:26.577] [NetDataInstance.cpp:385][Send] x:378600,	y:-665588,	z:2387.31,	h:190.653,	p:0,	r:0
[2025-10-28 21:41:26.577] [NetDataInstance.cpp:393][Send] x:379076,	y:-668042,	z:2387.31,	h:190.972,	p:5.46272e-05,	r:0
[2025-10-28 21:41:26.577] [NetDataInstance.cpp:401][Send] x:379566,	y:-670494,	z:2387.32,	h:191.29,	p:-0.00187225,	r:0
[2025-10-28 21:41:26.578] [NetDataInstance.cpp:409][Send] x:380069,	y:-672943,	z:2387.15,	h:191.608,	p:0.00212167,	r:0
[2025-10-28 21:41:26.578] [NetDataInstance.cpp:417][Send] x:380585,	y:-675389,	z:2387.42,	h:191.928,	p:0.072723,	r:0
[2025-10-28 21:41:26.578] [NetDataInstance.cpp:425][Send] x:380585,	y:-675389,	z:2387.42,	h:12.2487,	p:-0.143324,	r:0
[2025-10-28 21:41:26.599] [NetDataInstance.cpp:360][Send] --------------------------------------------------------
[2025-10-28 21:41:26.599] [NetDataInstance.cpp:369][Send] x:377689,	y:-660672,	z:2387.31,	h:190.011,	p:0,	r:0
[2025-10-28 21:41:26.599] [NetDataInstance.cpp:377][Send] x:378138,	y:-663131,	z:2387.31,	h:190.333,	p:0,	r:0
[2025-10-28 21:41:26.599] [NetDataInstance.cpp:385][Send] x:378600,	y:-665588,	z:2387.31,	h:190.653,	p:0,	r:0
[2025-10-28 21:41:26.600] [NetDataInstance.cpp:393][Send] x:379076,	y:-668042,	z:2387.31,	h:190.972,	p:5.46272e-05,	r:0
[2025-10-28 21:41:26.600] [NetDataInstance.cpp:401][Send] x:379566,	y:-670494,	z:2387.32,	h:191.29,	p:-0.00187225,	r:0
[2025-10-28 21:41:26.600] [NetDataInstance.cpp:409][Send] x:380069,	y:-672943,	z:2387.15,	h:191.608,	p:0.00212167,	r:0
[2025-10-28 21:41:26.600] [NetDataInstance.cpp:417][Send] x:380585,	y:-675389,	z:2387.42,	h:191.928,	p:0.072723,	r:0
[2025-10-28 21:41:26.600] [NetDataInstance.cpp:425][Send] x:380585,	y:-675389,	z:2387.42,	h:12.2487,	p:-0.143324,	r:0
[2025-10-28 21:41:26.607] [NetDataInstance.cpp:360][Send] --------------------------------------------------------
[2025-10-28 21:41:26.607] [NetDataInstance.cpp:369][Send] x:377689,	y:-660672,	z:2387.31,	h:190.011,	p:0,	r:0
[2025-10-28 21:41:26.607] [NetDataInstance.cpp:377][Send] x:378138,	y:-663131,	z:2387.31,	h:190.333,	p:0,	r:0
[2025-10-28 21:41:26.607] [NetDataInstance.cpp:385][Send] x:378600,	y:-665588,	z:2387.31,	h:190.653,	p:0,	r:0
[2025-10-28 21:41:26.608] [NetDataInstance.cpp:393][Send] x:379076,	y:-668042,	z:2387.31,	h:190.972,	p:5.46272e-05,	r:0
[2025-10-28 21:41:26.608] [NetDataInstance.cpp:401][Send] x:379566,	y:-670494,	z:2387.32,	h:191.29,	p:-0.00187225,	r:0
[2025-10-28 21:41:26.608] [NetDataInstance.cpp:409][Send] x:380069,	y:-672943,	z:2387.15,	h:191.608,	p:0.00212167,	r:0
[2025-10-28 21:41:26.608] [NetDataInstance.cpp:417][Send] x:380585,	y:-675389,	z:2387.42,	h:191.928,	p:0.072723,	r:0
[2025-10-28 21:41:26.608] [NetDataInstance.cpp:425][Send] x:380585,	y:-675389,	z:2387.42,	h:12.2487,	p:-0.143324,	r:0
[2025-10-28 21:41:26.623] [NetDataInstance.cpp:360][Send] --------------------------------------------------------
[2025-10-28 21:41:26.623] [NetDataInstance.cpp:369][Send] x:377689,	y:-660672,	z:2387.31,	h:190.011,	p:0,	r:0
[2025-10-28 21:41:26.623] [NetDataInstance.cpp:377][Send] x:378138,	y:-663131,	z:2387.31,	h:190.333,	p:0,	r:0
[2025-10-28 21:41:26.623] [NetDataInstance.cpp:385][Send] x:378600,	y:-665588,	z:2387.31,	h:190.653,	p:0,	r:0
[2025-10-28 21:41:26.624] [NetDataInstance.cpp:393][Send] x:379076,	y:-668042,	z:2387.31,	h:190.972,	p:5.46272e-05,	r:0
[2025-10-28 21:41:26.624] [NetDataInstance.cpp:401][Send] x:379566,	y:-670494,	z:2387.32,	h:191.29,	p:-0.00187225,	r:0
[2025-10-28 21:41:26.624] [NetDataInstance.cpp:409][Send] x:380069,	y:-672943,	z:2387.15,	h:191.608,	p:0.00212167,	r:0
[2025-10-28 21:41:26.624] [NetDataInstance.cpp:417][Send] x:380585,	y:-675389,	z:2387.42,	h:191.928,	p:0.072723,	r:0
[2025-10-28 21:41:26.624] [NetDataInstance.cpp:425][Send] x:380585,	y:-675389,	z:2387.42,	h:12.2487,	p:-0.143324,	r:0
[2025-10-28 21:41:26.653] [NetDataInstance.cpp:360][Send] --------------------------------------------------------
[2025-10-28 21:41:26.653] [NetDataInstance.cpp:369][Send] x:377689,	y:-660672,	z:2387.31,	h:190.011,	p:0,	r:0
[2025-10-28 21:41:26.654] [NetDataInstance.cpp:377][Send] x:378138,	y:-663131,	z:2387.31,	h:190.333,	p:0,	r:0
[2025-10-28 21:41:26.654] [NetDataInstance.cpp:385][Send] x:378600,	y:-665588,	z:2387.31,	h:190.653,	p:0,	r:0
[2025-10-28 21:41:26.654] [NetDataInstance.cpp:393][Send] x:379076,	y:-668042,	z:2387.31,	h:190.972,	p:5.46272e-05,	r:0
[2025-10-28 21:41:26.654] [NetDataInstance.cpp:401][Send] x:379566,	y:-670494,	z:2387.32,	h:191.29,	p:-0.00187225,	r:0
[2025-10-28 21:41:26.654] [NetDataInstance.cpp:409][Send] x:380069,	y:-672943,	z:2387.15,	h:191.608,	p:0.00212167,	r:0
[2025-10-28 21:41:26.654] [NetDataInstance.cpp:417][Send] x:380585,	y:-675389,	z:2387.42,	h:191.928,	p:0.072723,	r:0
[2025-10-28 21:41:26.654] [NetDataInstance.cpp:425][Send] x:380585,	y:-675389,	z:2387.42,	h:12.2487,	p:-0.143324,	r:0
[2025-10-28 21:41:26.656] [NetDataInstance.cpp:360][Send] --------------------------------------------------------
[2025-10-28 21:41:26.656] [NetDataInstance.cpp:369][Send] x:377689,	y:-660672,	z:2387.31,	h:190.011,	p:0,	r:0
[2025-10-28 21:41:26.656] [NetDataInstance.cpp:377][Send] x:378138,	y:-663131,	z:2387.31,	h:190.333,	p:0,	r:0
[2025-10-28 21:41:26.656] [NetDataInstance.cpp:385][Send] x:378600,	y:-665588,	z:2387.31,	h:190.653,	p:0,	r:0
[2025-10-28 21:41:26.656] [NetDataInstance.cpp:393][Send] x:379076,	y:-668042,	z:2387.31,	h:190.972,	p:5.46272e-05,	r:0
[2025-10-28 21:41:26.656] [NetDataInstance.cpp:401][Send] x:379566,	y:-670494,	z:2387.32,	h:191.29,	p:-0.00187225,	r:0
[2025-10-28 21:41:26.656] [NetDataInstance.cpp:409][Send] x:380069,	y:-672943,	z:2387.15,	h:191.608,	p:0.00212167,	r:0
[2025-10-28 21:41:26.657] [NetDataInstance.cpp:417][Send] x:380585,	y:-675389,	z:2387.42,	h:191.928,	p:0.072723,	r:0
[2025-10-28 21:41:26.657] [NetDataInstance.cpp:425][Send] x:380585,	y:-675389,	z:2387.42,	h:12.2487,	p:-0.143324,	r:0
[2025-10-28 21:41:26.685] [NetDataInstance.cpp:360][Send] --------------------------------------------------------
[2025-10-28 21:41:26.685] [NetDataInstance.cpp:369][Send] x:377689,	y:-660672,	z:2387.31,	h:190.011,	p:0,	r:0
[2025-10-28 21:41:26.685] [NetDataInstance.cpp:377][Send] x:378138,	y:-663131,	z:2387.31,	h:190.333,	p:0,	r:0
[2025-10-28 21:41:26.685] [NetDataInstance.cpp:385][Send] x:378600,	y:-665588,	z:2387.31,	h:190.653,	p:0,	r:0
[2025-10-28 21:41:26.685] [NetDataInstance.cpp:393][Send] x:379076,	y:-668042,	z:2387.31,	h:190.972,	p:5.46272e-05,	r:0
[2025-10-28 21:41:26.685] [NetDataInstance.cpp:401][Send] x:379566,	y:-670494,	z:2387.32,	h:191.29,	p:-0.00187225,	r:0
[2025-10-28 21:41:26.685] [NetDataInstance.cpp:409][Send] x:380069,	y:-672943,	z:2387.15,	h:191.608,	p:0.00212167,	r:0
[2025-10-28 21:41:26.685] [NetDataInstance.cpp:417][Send] x:380585,	y:-675389,	z:2387.42,	h:191.928,	p:0.072723,	r:0
[2025-10-28 21:41:26.685] [NetDataInstance.cpp:425][Send] x:380585,	y:-675389,	z:2387.42,	h:12.2487,	p:-0.143324,	r:0
[2025-10-28 21:41:26.700] [NetDataInstance.cpp:360][Send] --------------------------------------------------------
[2025-10-28 21:41:26.700] [NetDataInstance.cpp:369][Send] x:377689,	y:-660672,	z:2387.31,	h:190.011,	p:0,	r:0
[2025-10-28 21:41:26.700] [NetDataInstance.cpp:377][Send] x:378138,	y:-663131,	z:2387.31,	h:190.333,	p:0,	r:0
[2025-10-28 21:41:26.700] [NetDataInstance.cpp:385][Send] x:378600,	y:-665588,	z:2387.31,	h:190.653,	p:0,	r:0
[2025-10-28 21:41:26.701] [NetDataInstance.cpp:393][Send] x:379076,	y:-668042,	z:2387.31,	h:190.972,	p:5.46272e-05,	r:0
[2025-10-28 21:41:26.701] [NetDataInstance.cpp:401][Send] x:379566,	y:-670494,	z:2387.32,	h:191.29,	p:-0.00187225,	r:0
[2025-10-28 21:41:26.701] [NetDataInstance.cpp:409][Send] x:380069,	y:-672943,	z:2387.15,	h:191.608,	p:0.00212167,	r:0
[2025-10-28 21:41:26.701] [NetDataInstance.cpp:417][Send] x:380585,	y:-675389,	z:2387.42,	h:191.928,	p:0.072723,	r:0
[2025-10-28 21:41:26.701] [NetDataInstance.cpp:425][Send] x:380585,	y:-675389,	z:2387.42,	h:12.2487,	p:-0.143324,	r:0
[2025-10-28 21:41:26.715] [NetDataInstance.cpp:360][Send] --------------------------------------------------------
[2025-10-28 21:41:26.715] [NetDataInstance.cpp:369][Send] x:377689,	y:-660672,	z:2387.31,	h:190.011,	p:0,	r:0
[2025-10-28 21:41:26.715] [NetDataInstance.cpp:377][Send] x:378138,	y:-663131,	z:2387.31,	h:190.333,	p:0,	r:0
[2025-10-28 21:41:26.715] [NetDataInstance.cpp:385][Send] x:378600,	y:-665588,	z:2387.31,	h:190.653,	p:0,	r:0
[2025-10-28 21:41:26.715] [NetDataInstance.cpp:393][Send] x:379076,	y:-668042,	z:2387.31,	h:190.972,	p:5.46272e-05,	r:0
[2025-10-28 21:41:26.715] [NetDataInstance.cpp:401][Send] x:379566,	y:-670494,	z:2387.32,	h:191.29,	p:-0.00187225,	r:0
[2025-10-28 21:41:26.715] [NetDataInstance.cpp:409][Send] x:380069,	y:-672943,	z:2387.15,	h:191.608,	p:0.00212167,	r:0
[2025-10-28 21:41:26.715] [NetDataInstance.cpp:417][Send] x:380585,	y:-675389,	z:2387.42,	h:191.928,	p:0.072723,	r:0
[2025-10-28 21:41:26.715] [NetDataInstance.cpp:425][Send] x:380585,	y:-675389,	z:2387.42,	h:12.2487,	p:-0.143324,	r:0
[2025-10-28 21:41:26.731] [NetDataInstance.cpp:360][Send] --------------------------------------------------------
[2025-10-28 21:41:26.731] [NetDataInstance.cpp:369][Send] x:377689,	y:-660672,	z:2387.31,	h:190.011,	p:0,	r:0
[2025-10-28 21:41:26.731] [NetDataInstance.cpp:377][Send] x:378138,	y:-663131,	z:2387.31,	h:190.333,	p:0,	r:0
[2025-10-28 21:41:26.731] [NetDataInstance.cpp:385][Send] x:378600,	y:-665588,	z:2387.31,	h:190.653,	p:0,	r:0
[2025-10-28 21:41:26.731] [NetDataInstance.cpp:393][Send] x:379076,	y:-668042,	z:2387.31,	h:190.972,	p:5.46272e-05,	r:0
[2025-10-28 21:41:26.731] [NetDataInstance.cpp:401][Send] x:379566,	y:-670494,	z:2387.32,	h:191.29,	p:-0.00187225,	r:0
[2025-10-28 21:41:26.731] [NetDataInstance.cpp:409][Send] x:380069,	y:-672943,	z:2387.15,	h:191.608,	p:0.00212167,	r:0
[2025-10-28 21:41:26.731] [NetDataInstance.cpp:417][Send] x:380585,	y:-675389,	z:2387.42,	h:191.928,	p:0.072723,	r:0
[2025-10-28 21:41:26.732] [NetDataInstance.cpp:425][Send] x:380585,	y:-675389,	z:2387.42,	h:12.2487,	p:-0.143324,	r:0
[2025-10-28 21:41:26.746] [NetDataInstance.cpp:360][Send] --------------------------------------------------------
[2025-10-28 21:41:26.746] [NetDataInstance.cpp:369][Send] x:377689,	y:-660672,	z:2387.31,	h:190.011,	p:0,	r:0
[2025-10-28 21:41:26.746] [NetDataInstance.cpp:377][Send] x:378138,	y:-663131,	z:2387.31,	h:190.333,	p:0,	r:0
[2025-10-28 21:41:26.746] [NetDataInstance.cpp:385][Send] x:378600,	y:-665588,	z:2387.31,	h:190.653,	p:0,	r:0
[2025-10-28 21:41:26.747] [NetDataInstance.cpp:393][Send] x:379076,	y:-668042,	z:2387.31,	h:190.972,	p:5.46272e-05,	r:0
[2025-10-28 21:41:26.747] [NetDataInstance.cpp:401][Send] x:379566,	y:-670494,	z:2387.32,	h:191.29,	p:-0.00187225,	r:0
[2025-10-28 21:41:26.747] [NetDataInstance.cpp:409][Send] x:380069,	y:-672943,	z:2387.15,	h:191.608,	p:0.00212167,	r:0
[2025-10-28 21:41:26.747] [NetDataInstance.cpp:417][Send] x:380585,	y:-675389,	z:2387.42,	h:191.928,	p:0.072723,	r:0
[2025-10-28 21:41:26.747] [NetDataInstance.cpp:425][Send] x:380585,	y:-675389,	z:2387.42,	h:12.2487,	p:-0.143324,	r:0
[2025-10-28 21:41:26.761] [NetDataInstance.cpp:360][Send] --------------------------------------------------------
[2025-10-28 21:41:26.761] [NetDataInstance.cpp:369][Send] x:377689,	y:-660672,	z:2387.31,	h:190.011,	p:0,	r:0
[2025-10-28 21:41:26.761] [NetDataInstance.cpp:377][Send] x:378138,	y:-663131,	z:2387.31,	h:190.333,	p:0,	r:0
[2025-10-28 21:41:26.761] [NetDataInstance.cpp:385][Send] x:378600,	y:-665588,	z:2387.31,	h:190.653,	p:0,	r:0
[2025-10-28 21:41:26.761] [NetDataInstance.cpp:393][Send] x:379076,	y:-668042,	z:2387.31,	h:190.972,	p:5.46272e-05,	r:0
[2025-10-28 21:41:26.761] [NetDataInstance.cpp:401][Send] x:379566,	y:-670494,	z:2387.32,	h:191.29,	p:-0.00187225,	r:0
[2025-10-28 21:41:26.761] [NetDataInstance.cpp:409][Send] x:380069,	y:-672943,	z:2387.15,	h:191.608,	p:0.00212167,	r:0
[2025-10-28 21:41:26.761] [NetDataInstance.cpp:417][Send] x:380585,	y:-675389,	z:2387.42,	h:191.928,	p:0.072723,	r:0
[2025-10-28 21:41:26.762] [NetDataInstance.cpp:425][Send] x:380585,	y:-675389,	z:2387.42,	h:12.2487,	p:-0.143324,	r:0
[2025-10-28 21:41:26.776] [NetDataInstance.cpp:360][Send] --------------------------------------------------------
[2025-10-28 21:41:26.776] [NetDataInstance.cpp:369][Send] x:377689,	y:-660672,	z:2387.31,	h:190.011,	p:0,	r:0
[2025-10-28 21:41:26.776] [NetDataInstance.cpp:377][Send] x:378138,	y:-663131,	z:2387.31,	h:190.333,	p:0,	r:0
[2025-10-28 21:41:26.776] [NetDataInstance.cpp:385][Send] x:378600,	y:-665588,	z:2387.31,	h:190.653,	p:0,	r:0
[2025-10-28 21:41:26.776] [NetDataInstance.cpp:393][Send] x:379076,	y:-668042,	z:2387.31,	h:190.972,	p:5.46272e-05,	r:0
[2025-10-28 21:41:26.776] [NetDataInstance.cpp:401][Send] x:379566,	y:-670494,	z:2387.32,	h:191.29,	p:-0.00187225,	r:0
[2025-10-28 21:41:26.776] [NetDataInstance.cpp:409][Send] x:380069,	y:-672943,	z:2387.15,	h:191.608,	p:0.00212167,	r:0
[2025-10-28 21:41:26.776] [NetDataInstance.cpp:417][Send] x:380585,	y:-675389,	z:2387.42,	h:191.928,	p:0.072723,	r:0
[2025-10-28 21:41:26.776] [NetDataInstance.cpp:425][Send] x:380585,	y:-675389,	z:2387.42,	h:12.2487,	p:-0.143324,	r:0
[2025-10-28 21:41:26.806] [NetDataInstance.cpp:360][Send] --------------------------------------------------------
[2025-10-28 21:41:26.807] [NetDataInstance.cpp:369][Send] x:377689,	y:-660672,	z:2387.31,	h:190.011,	p:0,	r:0
[2025-10-28 21:41:26.807] [NetDataInstance.cpp:377][Send] x:378138,	y:-663131,	z:2387.31,	h:190.333,	p:0,	r:0
[2025-10-28 21:41:26.807] [NetDataInstance.cpp:385][Send] x:378600,	y:-665588,	z:2387.31,	h:190.653,	p:0,	r:0
[2025-10-28 21:41:26.807] [NetDataInstance.cpp:393][Send] x:379076,	y:-668042,	z:2387.31,	h:190.972,	p:5.46272e-05,	r:0
[2025-10-28 21:41:26.807] [NetDataInstance.cpp:401][Send] x:379566,	y:-670494,	z:2387.32,	h:191.29,	p:-0.00187225,	r:0
[2025-10-28 21:41:26.807] [NetDataInstance.cpp:409][Send] x:380069,	y:-672943,	z:2387.15,	h:191.608,	p:0.00212167,	r:0
[2025-10-28 21:41:26.807] [NetDataInstance.cpp:417][Send] x:380585,	y:-675389,	z:2387.42,	h:191.928,	p:0.072723,	r:0
[2025-10-28 21:41:26.807] [NetDataInstance.cpp:425][Send] x:380585,	y:-675389,	z:2387.42,	h:12.2487,	p:-0.143324,	r:0
[2025-10-28 21:41:26.821] [NetDataInstance.cpp:360][Send] --------------------------------------------------------
[2025-10-28 21:41:26.822] [NetDataInstance.cpp:369][Send] x:377689,	y:-660672,	z:2387.31,	h:190.011,	p:0,	r:0
[2025-10-28 21:41:26.822] [NetDataInstance.cpp:377][Send] x:378138,	y:-663131,	z:2387.31,	h:190.333,	p:0,	r:0
[2025-10-28 21:41:26.822] [NetDataInstance.cpp:385][Send] x:378600,	y:-665588,	z:2387.31,	h:190.653,	p:0,	r:0
[2025-10-28 21:41:26.822] [NetDataInstance.cpp:393][Send] x:379076,	y:-668042,	z:2387.31,	h:190.972,	p:5.46272e-05,	r:0
[2025-10-28 21:41:26.822] [NetDataInstance.cpp:401][Send] x:379566,	y:-670494,	z:2387.32,	h:191.29,	p:-0.00187225,	r:0
[2025-10-28 21:41:26.822] [NetDataInstance.cpp:409][Send] x:380069,	y:-672943,	z:2387.15,	h:191.608,	p:0.00212167,	r:0
[2025-10-28 21:41:26.822] [NetDataInstance.cpp:417][Send] x:380585,	y:-675389,	z:2387.42,	h:191.928,	p:0.072723,	r:0
[2025-10-28 21:41:26.822] [NetDataInstance.cpp:425][Send] x:380585,	y:-675389,	z:2387.42,	h:12.2487,	p:-0.143324,	r:0
[2025-10-28 21:41:26.837] [NetDataInstance.cpp:360][Send] --------------------------------------------------------
[2025-10-28 21:41:26.837] [NetDataInstance.cpp:369][Send] x:377689,	y:-660672,	z:2387.31,	h:190.011,	p:0,	r:0
[2025-10-28 21:41:26.837] [NetDataInstance.cpp:377][Send] x:378138,	y:-663131,	z:2387.31,	h:190.333,	p:0,	r:0
[2025-10-28 21:41:26.837] [NetDataInstance.cpp:385][Send] x:378600,	y:-665588,	z:2387.31,	h:190.653,	p:0,	r:0
[2025-10-28 21:41:26.837] [NetDataInstance.cpp:393][Send] x:379076,	y:-668042,	z:2387.31,	h:190.972,	p:5.46272e-05,	r:0
[2025-10-28 21:41:26.837] [NetDataInstance.cpp:401][Send] x:379566,	y:-670494,	z:2387.32,	h:191.29,	p:-0.00187225,	r:0
[2025-10-28 21:41:26.837] [NetDataInstance.cpp:409][Send] x:380069,	y:-672943,	z:2387.15,	h:191.608,	p:0.00212167,	r:0
[2025-10-28 21:41:26.837] [NetDataInstance.cpp:417][Send] x:380585,	y:-675389,	z:2387.42,	h:191.928,	p:0.072723,	r:0
[2025-10-28 21:41:26.837] [NetDataInstance.cpp:425][Send] x:380585,	y:-675389,	z:2387.42,	h:12.2487,	p:-0.143324,	r:0
[2025-10-28 21:41:26.851] [NetDataInstance.cpp:360][Send] --------------------------------------------------------
[2025-10-28 21:41:26.852] [NetDataInstance.cpp:369][Send] x:377689,	y:-660672,	z:2387.31,	h:190.011,	p:0,	r:0
[2025-10-28 21:41:26.852] [NetDataInstance.cpp:377][Send] x:378138,	y:-663131,	z:2387.31,	h:190.333,	p:0,	r:0
[2025-10-28 21:41:26.852] [NetDataInstance.cpp:385][Send] x:378600,	y:-665588,	z:2387.31,	h:190.653,	p:0,	r:0
[2025-10-28 21:41:26.852] [NetDataInstance.cpp:393][Send] x:379076,	y:-668042,	z:2387.31,	h:190.972,	p:5.46272e-05,	r:0
[2025-10-28 21:41:26.852] [NetDataInstance.cpp:401][Send] x:379566,	y:-670494,	z:2387.32,	h:191.29,	p:-0.00187225,	r:0
[2025-10-28 21:41:26.852] [NetDataInstance.cpp:409][Send] x:380069,	y:-672943,	z:2387.15,	h:191.608,	p:0.00212167,	r:0
[2025-10-28 21:41:26.852] [NetDataInstance.cpp:417][Send] x:380585,	y:-675389,	z:2387.42,	h:191.928,	p:0.072723,	r:0
[2025-10-28 21:41:26.852] [NetDataInstance.cpp:425][Send] x:380585,	y:-675389,	z:2387.42,	h:12.2487,	p:-0.143324,	r:0
[2025-10-28 21:41:26.868] [NetDataInstance.cpp:360][Send] --------------------------------------------------------
[2025-10-28 21:41:26.868] [NetDataInstance.cpp:369][Send] x:377689,	y:-660672,	z:2387.31,	h:190.011,	p:0,	r:0
[2025-10-28 21:41:26.868] [NetDataInstance.cpp:377][Send] x:378138,	y:-663131,	z:2387.31,	h:190.333,	p:0,	r:0
[2025-10-28 21:41:26.868] [NetDataInstance.cpp:385][Send] x:378600,	y:-665588,	z:2387.31,	h:190.653,	p:0,	r:0
[2025-10-28 21:41:26.868] [NetDataInstance.cpp:393][Send] x:379076,	y:-668042,	z:2387.31,	h:190.972,	p:5.46272e-05,	r:0
[2025-10-28 21:41:26.868] [NetDataInstance.cpp:401][Send] x:379566,	y:-670494,	z:2387.32,	h:191.29,	p:-0.00187225,	r:0
[2025-10-28 21:41:26.868] [NetDataInstance.cpp:409][Send] x:380069,	y:-672943,	z:2387.15,	h:191.608,	p:0.00212167,	r:0
[2025-10-28 21:41:26.868] [NetDataInstance.cpp:417][Send] x:380585,	y:-675389,	z:2387.42,	h:191.928,	p:0.072723,	r:0
[2025-10-28 21:41:26.868] [NetDataInstance.cpp:425][Send] x:380585,	y:-675389,	z:2387.42,	h:12.2487,	p:-0.143324,	r:0
[2025-10-28 21:41:26.883] [NetDataInstance.cpp:360][Send] --------------------------------------------------------
[2025-10-28 21:41:26.883] [NetDataInstance.cpp:369][Send] x:377689,	y:-660672,	z:2387.31,	h:190.011,	p:0,	r:0
[2025-10-28 21:41:26.884] [NetDataInstance.cpp:377][Send] x:378138,	y:-663131,	z:2387.31,	h:190.333,	p:0,	r:0
[2025-10-28 21:41:26.884] [NetDataInstance.cpp:385][Send] x:378600,	y:-665588,	z:2387.31,	h:190.653,	p:0,	r:0
[2025-10-28 21:41:26.884] [NetDataInstance.cpp:393][Send] x:379076,	y:-668042,	z:2387.31,	h:190.972,	p:5.46272e-05,	r:0
[2025-10-28 21:41:26.884] [NetDataInstance.cpp:401][Send] x:379566,	y:-670494,	z:2387.32,	h:191.29,	p:-0.00187225,	r:0
[2025-10-28 21:41:26.884] [NetDataInstance.cpp:409][Send] x:380069,	y:-672943,	z:2387.15,	h:191.608,	p:0.00212167,	r:0
[2025-10-28 21:41:26.884] [NetDataInstance.cpp:417][Send] x:380585,	y:-675389,	z:2387.42,	h:191.928,	p:0.072723,	r:0
[2025-10-28 21:41:26.884] [NetDataInstance.cpp:425][Send] x:380585,	y:-675389,	z:2387.42,	h:12.2487,	p:-0.143324,	r:0
[2025-10-28 21:41:26.899] [NetDataInstance.cpp:360][Send] --------------------------------------------------------
[2025-10-28 21:41:26.899] [NetDataInstance.cpp:369][Send] x:377689,	y:-660672,	z:2387.31,	h:190.011,	p:0,	r:0
[2025-10-28 21:41:26.899] [NetDataInstance.cpp:377][Send] x:378138,	y:-663131,	z:2387.31,	h:190.333,	p:0,	r:0
[2025-10-28 21:41:26.899] [NetDataInstance.cpp:385][Send] x:378600,	y:-665588,	z:2387.31,	h:190.653,	p:0,	r:0
[2025-10-28 21:41:26.899] [NetDataInstance.cpp:393][Send] x:379076,	y:-668042,	z:2387.31,	h:190.972,	p:5.46272e-05,	r:0
[2025-10-28 21:41:26.899] [NetDataInstance.cpp:401][Send] x:379566,	y:-670494,	z:2387.32,	h:191.29,	p:-0.00187225,	r:0
[2025-10-28 21:41:26.899] [NetDataInstance.cpp:409][Send] x:380069,	y:-672943,	z:2387.15,	h:191.608,	p:0.00212167,	r:0
[2025-10-28 21:41:26.899] [NetDataInstance.cpp:417][Send] x:380585,	y:-675389,	z:2387.42,	h:191.928,	p:0.072723,	r:0
[2025-10-28 21:41:26.899] [NetDataInstance.cpp:425][Send] x:380585,	y:-675389,	z:2387.42,	h:12.2487,	p:-0.143324,	r:0
[2025-10-28 21:41:26.914] [NetDataInstance.cpp:360][Send] --------------------------------------------------------
[2025-10-28 21:41:26.914] [NetDataInstance.cpp:369][Send] x:377689,	y:-660672,	z:2387.31,	h:190.011,	p:0,	r:0
[2025-10-28 21:41:26.914] [NetDataInstance.cpp:377][Send] x:378138,	y:-663131,	z:2387.31,	h:190.333,	p:0,	r:0
[2025-10-28 21:41:26.914] [NetDataInstance.cpp:385][Send] x:378600,	y:-665588,	z:2387.31,	h:190.653,	p:0,	r:0
[2025-10-28 21:41:26.914] [NetDataInstance.cpp:393][Send] x:379076,	y:-668042,	z:2387.31,	h:190.972,	p:5.46272e-05,	r:0
[2025-10-28 21:41:26.914] [NetDataInstance.cpp:401][Send] x:379566,	y:-670494,	z:2387.32,	h:191.29,	p:-0.00187225,	r:0
[2025-10-28 21:41:26.914] [NetDataInstance.cpp:409][Send] x:380069,	y:-672943,	z:2387.15,	h:191.608,	p:0.00212167,	r:0
[2025-10-28 21:41:26.915] [NetDataInstance.cpp:417][Send] x:380585,	y:-675389,	z:2387.42,	h:191.928,	p:0.072723,	r:0
[2025-10-28 21:41:26.915] [NetDataInstance.cpp:425][Send] x:380585,	y:-675389,	z:2387.42,	h:12.2487,	p:-0.143324,	r:0
[2025-10-28 21:41:26.929] [NetDataInstance.cpp:360][Send] --------------------------------------------------------
[2025-10-28 21:41:26.929] [NetDataInstance.cpp:369][Send] x:377689,	y:-660672,	z:2387.31,	h:190.011,	p:0,	r:0
[2025-10-28 21:41:26.929] [NetDataInstance.cpp:377][Send] x:378138,	y:-663131,	z:2387.31,	h:190.333,	p:0,	r:0
[2025-10-28 21:41:26.929] [NetDataInstance.cpp:385][Send] x:378600,	y:-665588,	z:2387.31,	h:190.653,	p:0,	r:0
[2025-10-28 21:41:26.930] [NetDataInstance.cpp:393][Send] x:379076,	y:-668042,	z:2387.31,	h:190.972,	p:5.46272e-05,	r:0
[2025-10-28 21:41:26.930] [NetDataInstance.cpp:401][Send] x:379566,	y:-670494,	z:2387.32,	h:191.29,	p:-0.00187225,	r:0
[2025-10-28 21:41:26.930] [NetDataInstance.cpp:409][Send] x:380069,	y:-672943,	z:2387.15,	h:191.608,	p:0.00212167,	r:0
[2025-10-28 21:41:26.930] [NetDataInstance.cpp:417][Send] x:380585,	y:-675389,	z:2387.42,	h:191.928,	p:0.072723,	r:0
[2025-10-28 21:41:26.930] [NetDataInstance.cpp:425][Send] x:380585,	y:-675389,	z:2387.42,	h:12.2487,	p:-0.143324,	r:0
[2025-10-28 21:41:26.960] [NetDataInstance.cpp:360][Send] --------------------------------------------------------
[2025-10-28 21:41:26.961] [NetDataInstance.cpp:369][Send] x:377689,	y:-660672,	z:2387.31,	h:190.011,	p:0,	r:0
[2025-10-28 21:41:26.961] [NetDataInstance.cpp:377][Send] x:378138,	y:-663131,	z:2387.31,	h:190.333,	p:0,	r:0
[2025-10-28 21:41:26.961] [NetDataInstance.cpp:385][Send] x:378600,	y:-665588,	z:2387.31,	h:190.653,	p:0,	r:0
[2025-10-28 21:41:26.962] [NetDataInstance.cpp:393][Send] x:379076,	y:-668042,	z:2387.31,	h:190.972,	p:5.46272e-05,	r:0
[2025-10-28 21:41:26.962] [NetDataInstance.cpp:401][Send] x:379566,	y:-670494,	z:2387.32,	h:191.29,	p:-0.00187225,	r:0
[2025-10-28 21:41:26.963] [NetDataInstance.cpp:409][Send] x:380069,	y:-672943,	z:2387.15,	h:191.608,	p:0.00212167,	r:0
[2025-10-28 21:41:26.964] [NetDataInstance.cpp:417][Send] x:380585,	y:-675389,	z:2387.42,	h:191.928,	p:0.072723,	r:0
[2025-10-28 21:41:26.964] [NetDataInstance.cpp:425][Send] x:380585,	y:-675389,	z:2387.42,	h:12.2487,	p:-0.143324,	r:0
[2025-10-28 21:41:26.971] [NetDataInstance.cpp:360][Send] --------------------------------------------------------
[2025-10-28 21:41:26.972] [NetDataInstance.cpp:369][Send] x:377689,	y:-660672,	z:2387.31,	h:190.011,	p:0,	r:0
[2025-10-28 21:41:26.972] [NetDataInstance.cpp:377][Send] x:378138,	y:-663131,	z:2387.31,	h:190.333,	p:0,	r:0
[2025-10-28 21:41:26.972] [NetDataInstance.cpp:385][Send] x:378600,	y:-665588,	z:2387.31,	h:190.653,	p:0,	r:0
[2025-10-28 21:41:26.973] [NetDataInstance.cpp:393][Send] x:379076,	y:-668042,	z:2387.31,	h:190.972,	p:5.46272e-05,	r:0
[2025-10-28 21:41:26.973] [NetDataInstance.cpp:401][Send] x:379566,	y:-670494,	z:2387.32,	h:191.29,	p:-0.00187225,	r:0
[2025-10-28 21:41:26.973] [NetDataInstance.cpp:409][Send] x:380069,	y:-672943,	z:2387.15,	h:191.608,	p:0.00212167,	r:0
[2025-10-28 21:41:26.974] [NetDataInstance.cpp:417][Send] x:380585,	y:-675389,	z:2387.42,	h:191.928,	p:0.072723,	r:0
[2025-10-28 21:41:26.974] [NetDataInstance.cpp:425][Send] x:380585,	y:-675389,	z:2387.42,	h:12.2487,	p:-0.143324,	r:0
[2025-10-28 21:41:26.982] [NetDataInstance.cpp:360][Send] --------------------------------------------------------
[2025-10-28 21:41:26.983] [NetDataInstance.cpp:369][Send] x:377689,	y:-660672,	z:2387.31,	h:190.011,	p:0,	r:0
[2025-10-28 21:41:26.983] [NetDataInstance.cpp:377][Send] x:378138,	y:-663131,	z:2387.31,	h:190.333,	p:0,	r:0
[2025-10-28 21:41:26.984] [NetDataInstance.cpp:385][Send] x:378600,	y:-665588,	z:2387.31,	h:190.653,	p:0,	r:0
[2025-10-28 21:41:26.984] [NetDataInstance.cpp:393][Send] x:379076,	y:-668042,	z:2387.31,	h:190.972,	p:5.46272e-05,	r:0
[2025-10-28 21:41:26.985] [NetDataInstance.cpp:401][Send] x:379566,	y:-670494,	z:2387.32,	h:191.29,	p:-0.00187225,	r:0
[2025-10-28 21:41:26.985] [NetDataInstance.cpp:409][Send] x:380069,	y:-672943,	z:2387.15,	h:191.608,	p:0.00212167,	r:0
[2025-10-28 21:41:26.986] [NetDataInstance.cpp:417][Send] x:380585,	y:-675389,	z:2387.42,	h:191.928,	p:0.072723,	r:0
[2025-10-28 21:41:26.986] [NetDataInstance.cpp:425][Send] x:380585,	y:-675389,	z:2387.42,	h:12.2487,	p:-0.143324,	r:0
[2025-10-28 21:41:27.008] [NetDataInstance.cpp:360][Send] --------------------------------------------------------
[2025-10-28 21:41:27.008] [NetDataInstance.cpp:369][Send] x:377689,	y:-660672,	z:2387.31,	h:190.011,	p:0,	r:0
[2025-10-28 21:41:27.009] [NetDataInstance.cpp:377][Send] x:378138,	y:-663131,	z:2387.31,	h:190.333,	p:0,	r:0
[2025-10-28 21:41:27.009] [NetDataInstance.cpp:385][Send] x:378600,	y:-665588,	z:2387.31,	h:190.653,	p:0,	r:0
[2025-10-28 21:41:27.009] [NetDataInstance.cpp:393][Send] x:379076,	y:-668042,	z:2387.31,	h:190.972,	p:5.46272e-05,	r:0
[2025-10-28 21:41:27.010] [NetDataInstance.cpp:401][Send] x:379566,	y:-670494,	z:2387.32,	h:191.29,	p:-0.00187225,	r:0
[2025-10-28 21:41:27.010] [NetDataInstance.cpp:409][Send] x:380069,	y:-672943,	z:2387.15,	h:191.608,	p:0.00212167,	r:0
[2025-10-28 21:41:27.010] [NetDataInstance.cpp:417][Send] x:380585,	y:-675389,	z:2387.42,	h:191.928,	p:0.072723,	r:0
[2025-10-28 21:41:27.011] [NetDataInstance.cpp:425][Send] x:380585,	y:-675389,	z:2387.42,	h:12.2487,	p:-0.143324,	r:0
[2025-10-28 21:41:27.018] [NetDataInstance.cpp:360][Send] --------------------------------------------------------
[2025-10-28 21:41:27.019] [NetDataInstance.cpp:369][Send] x:377689,	y:-660672,	z:2387.31,	h:190.011,	p:0,	r:0
[2025-10-28 21:41:27.019] [NetDataInstance.cpp:377][Send] x:378138,	y:-663131,	z:2387.31,	h:190.333,	p:0,	r:0
[2025-10-28 21:41:27.020] [NetDataInstance.cpp:385][Send] x:378600,	y:-665588,	z:2387.31,	h:190.653,	p:0,	r:0
[2025-10-28 21:41:27.020] [NetDataInstance.cpp:393][Send] x:379076,	y:-668042,	z:2387.31,	h:190.972,	p:5.46272e-05,	r:0
[2025-10-28 21:41:27.021] [NetDataInstance.cpp:401][Send] x:379566,	y:-670494,	z:2387.32,	h:191.29,	p:-0.00187225,	r:0
[2025-10-28 21:41:27.021] [NetDataInstance.cpp:409][Send] x:380069,	y:-672943,	z:2387.15,	h:191.608,	p:0.00212167,	r:0
[2025-10-28 21:41:27.022] [NetDataInstance.cpp:417][Send] x:380585,	y:-675389,	z:2387.42,	h:191.928,	p:0.072723,	r:0
[2025-10-28 21:41:27.022] [NetDataInstance.cpp:425][Send] x:380585,	y:-675389,	z:2387.42,	h:12.2487,	p:-0.143324,	r:0
[2025-10-28 21:41:27.031] [NetDataInstance.cpp:360][Send] --------------------------------------------------------
[2025-10-28 21:41:27.031] [NetDataInstance.cpp:369][Send] x:377689,	y:-660672,	z:2387.31,	h:190.011,	p:0,	r:0
[2025-10-28 21:41:27.031] [NetDataInstance.cpp:377][Send] x:378138,	y:-663131,	z:2387.31,	h:190.333,	p:0,	r:0
[2025-10-28 21:41:27.032] [NetDataInstance.cpp:385][Send] x:378600,	y:-665588,	z:2387.31,	h:190.653,	p:0,	r:0
[2025-10-28 21:41:27.032] [NetDataInstance.cpp:393][Send] x:379076,	y:-668042,	z:2387.31,	h:190.972,	p:5.46272e-05,	r:0
[2025-10-28 21:41:27.032] [NetDataInstance.cpp:401][Send] x:379566,	y:-670494,	z:2387.32,	h:191.29,	p:-0.00187225,	r:0
[2025-10-28 21:41:27.033] [NetDataInstance.cpp:409][Send] x:380069,	y:-672943,	z:2387.15,	h:191.608,	p:0.00212167,	r:0
[2025-10-28 21:41:27.033] [NetDataInstance.cpp:417][Send] x:380585,	y:-675389,	z:2387.42,	h:191.928,	p:0.072723,	r:0
[2025-10-28 21:41:27.033] [NetDataInstance.cpp:425][Send] x:380585,	y:-675389,	z:2387.42,	h:12.2487,	p:-0.143324,	r:0
[2025-10-28 21:41:27.053] [NetDataInstance.cpp:360][Send] --------------------------------------------------------
[2025-10-28 21:41:27.053] [NetDataInstance.cpp:369][Send] x:377689,	y:-660672,	z:2387.31,	h:190.011,	p:0,	r:0
[2025-10-28 21:41:27.053] [NetDataInstance.cpp:377][Send] x:378138,	y:-663131,	z:2387.31,	h:190.333,	p:0,	r:0
[2025-10-28 21:41:27.053] [NetDataInstance.cpp:385][Send] x:378600,	y:-665588,	z:2387.31,	h:190.653,	p:0,	r:0
[2025-10-28 21:41:27.053] [NetDataInstance.cpp:393][Send] x:379076,	y:-668042,	z:2387.31,	h:190.972,	p:5.46272e-05,	r:0
[2025-10-28 21:41:27.053] [NetDataInstance.cpp:401][Send] x:379566,	y:-670494,	z:2387.32,	h:191.29,	p:-0.00187225,	r:0
[2025-10-28 21:41:27.053] [NetDataInstance.cpp:409][Send] x:380069,	y:-672943,	z:2387.15,	h:191.608,	p:0.00212167,	r:0
[2025-10-28 21:41:27.053] [NetDataInstance.cpp:417][Send] x:380585,	y:-675389,	z:2387.42,	h:191.928,	p:0.072723,	r:0
[2025-10-28 21:41:27.054] [NetDataInstance.cpp:425][Send] x:380585,	y:-675389,	z:2387.42,	h:12.2487,	p:-0.143324,	r:0
[2025-10-28 21:41:27.069] [NetDataInstance.cpp:360][Send] --------------------------------------------------------
[2025-10-28 21:41:27.069] [NetDataInstance.cpp:369][Send] x:377689,	y:-660672,	z:2387.31,	h:190.011,	p:0,	r:0
[2025-10-28 21:41:27.069] [NetDataInstance.cpp:377][Send] x:378138,	y:-663131,	z:2387.31,	h:190.333,	p:0,	r:0
[2025-10-28 21:41:27.069] [NetDataInstance.cpp:385][Send] x:378600,	y:-665588,	z:2387.31,	h:190.653,	p:0,	r:0
[2025-10-28 21:41:27.069] [NetDataInstance.cpp:393][Send] x:379076,	y:-668042,	z:2387.31,	h:190.972,	p:5.46272e-05,	r:0
[2025-10-28 21:41:27.069] [NetDataInstance.cpp:401][Send] x:379566,	y:-670494,	z:2387.32,	h:191.29,	p:-0.00187225,	r:0
[2025-10-28 21:41:27.069] [NetDataInstance.cpp:409][Send] x:380069,	y:-672943,	z:2387.15,	h:191.608,	p:0.00212167,	r:0
[2025-10-28 21:41:27.069] [NetDataInstance.cpp:417][Send] x:380585,	y:-675389,	z:2387.42,	h:191.928,	p:0.072723,	r:0
[2025-10-28 21:41:27.069] [NetDataInstance.cpp:425][Send] x:380585,	y:-675389,	z:2387.42,	h:12.2487,	p:-0.143324,	r:0
[2025-10-28 21:41:27.084] [NetDataInstance.cpp:360][Send] --------------------------------------------------------
[2025-10-28 21:41:27.084] [NetDataInstance.cpp:369][Send] x:377689,	y:-660672,	z:2387.31,	h:190.011,	p:0,	r:0
[2025-10-28 21:41:27.084] [NetDataInstance.cpp:377][Send] x:378138,	y:-663131,	z:2387.31,	h:190.333,	p:0,	r:0
[2025-10-28 21:41:27.084] [NetDataInstance.cpp:385][Send] x:378600,	y:-665588,	z:2387.31,	h:190.653,	p:0,	r:0
[2025-10-28 21:41:27.084] [NetDataInstance.cpp:393][Send] x:379076,	y:-668042,	z:2387.31,	h:190.972,	p:5.46272e-05,	r:0
[2025-10-28 21:41:27.084] [NetDataInstance.cpp:401][Send] x:379566,	y:-670494,	z:2387.32,	h:191.29,	p:-0.00187225,	r:0
[2025-10-28 21:41:27.084] [NetDataInstance.cpp:409][Send] x:380069,	y:-672943,	z:2387.15,	h:191.608,	p:0.00212167,	r:0
[2025-10-28 21:41:27.084] [NetDataInstance.cpp:417][Send] x:380585,	y:-675389,	z:2387.42,	h:191.928,	p:0.072723,	r:0
[2025-10-28 21:41:27.085] [NetDataInstance.cpp:425][Send] x:380585,	y:-675389,	z:2387.42,	h:12.2487,	p:-0.143324,	r:0
[2025-10-28 21:41:27.100] [NetDataInstance.cpp:360][Send] --------------------------------------------------------
[2025-10-28 21:41:27.100] [NetDataInstance.cpp:369][Send] x:377689,	y:-660672,	z:2387.31,	h:190.011,	p:0,	r:0
[2025-10-28 21:41:27.100] [NetDataInstance.cpp:377][Send] x:378138,	y:-663131,	z:2387.31,	h:190.333,	p:0,	r:0
[2025-10-28 21:41:27.101] [NetDataInstance.cpp:385][Send] x:378600,	y:-665588,	z:2387.31,	h:190.653,	p:0,	r:0
[2025-10-28 21:41:27.101] [NetDataInstance.cpp:393][Send] x:379076,	y:-668042,	z:2387.31,	h:190.972,	p:5.46272e-05,	r:0
[2025-10-28 21:41:27.101] [NetDataInstance.cpp:401][Send] x:379566,	y:-670494,	z:2387.32,	h:191.29,	p:-0.00187225,	r:0
[2025-10-28 21:41:27.101] [NetDataInstance.cpp:409][Send] x:380069,	y:-672943,	z:2387.15,	h:191.608,	p:0.00212167,	r:0
[2025-10-28 21:41:27.101] [NetDataInstance.cpp:417][Send] x:380585,	y:-675389,	z:2387.42,	h:191.928,	p:0.072723,	r:0
[2025-10-28 21:41:27.101] [NetDataInstance.cpp:425][Send] x:380585,	y:-675389,	z:2387.42,	h:12.2487,	p:-0.143324,	r:0
[2025-10-28 21:41:27.115] [NetDataInstance.cpp:360][Send] --------------------------------------------------------
[2025-10-28 21:41:27.115] [NetDataInstance.cpp:369][Send] x:377689,	y:-660672,	z:2387.31,	h:190.011,	p:0,	r:0
[2025-10-28 21:41:27.115] [NetDataInstance.cpp:377][Send] x:378138,	y:-663131,	z:2387.31,	h:190.333,	p:0,	r:0
[2025-10-28 21:41:27.115] [NetDataInstance.cpp:385][Send] x:378600,	y:-665588,	z:2387.31,	h:190.653,	p:0,	r:0
[2025-10-28 21:41:27.115] [NetDataInstance.cpp:393][Send] x:379076,	y:-668042,	z:2387.31,	h:190.972,	p:5.46272e-05,	r:0
[2025-10-28 21:41:27.116] [NetDataInstance.cpp:401][Send] x:379566,	y:-670494,	z:2387.32,	h:191.29,	p:-0.00187225,	r:0
[2025-10-28 21:41:27.116] [NetDataInstance.cpp:409][Send] x:380069,	y:-672943,	z:2387.15,	h:191.608,	p:0.00212167,	r:0
[2025-10-28 21:41:27.116] [NetDataInstance.cpp:417][Send] x:380585,	y:-675389,	z:2387.42,	h:191.928,	p:0.072723,	r:0
[2025-10-28 21:41:27.116] [NetDataInstance.cpp:425][Send] x:380585,	y:-675389,	z:2387.42,	h:12.2487,	p:-0.143324,	r:0
[2025-10-28 21:41:27.148] [NetDataInstance.cpp:360][Send] --------------------------------------------------------
[2025-10-28 21:41:27.148] [NetDataInstance.cpp:369][Send] x:377689,	y:-660672,	z:2387.31,	h:190.011,	p:0,	r:0
[2025-10-28 21:41:27.149] [NetDataInstance.cpp:377][Send] x:378138,	y:-663131,	z:2387.31,	h:190.333,	p:0,	r:0
[2025-10-28 21:41:27.149] [NetDataInstance.cpp:385][Send] x:378600,	y:-665588,	z:2387.31,	h:190.653,	p:0,	r:0
[2025-10-28 21:41:27.150] [NetDataInstance.cpp:393][Send] x:379076,	y:-668042,	z:2387.31,	h:190.972,	p:5.46272e-05,	r:0
[2025-10-28 21:41:27.150] [NetDataInstance.cpp:401][Send] x:379566,	y:-670494,	z:2387.32,	h:191.29,	p:-0.00187225,	r:0
[2025-10-28 21:41:27.150] [NetDataInstance.cpp:409][Send] x:380069,	y:-672943,	z:2387.15,	h:191.608,	p:0.00212167,	r:0
[2025-10-28 21:41:27.151] [NetDataInstance.cpp:417][Send] x:380585,	y:-675389,	z:2387.42,	h:191.928,	p:0.072723,	r:0
[2025-10-28 21:41:27.151] [NetDataInstance.cpp:425][Send] x:380585,	y:-675389,	z:2387.42,	h:12.2487,	p:-0.143324,	r:0
[2025-10-28 21:41:27.158] [NetDataInstance.cpp:360][Send] --------------------------------------------------------
[2025-10-28 21:41:27.158] [NetDataInstance.cpp:369][Send] x:377689,	y:-660672,	z:2387.31,	h:190.011,	p:0,	r:0
[2025-10-28 21:41:27.158] [NetDataInstance.cpp:377][Send] x:378138,	y:-663131,	z:2387.31,	h:190.333,	p:0,	r:0
[2025-10-28 21:41:27.159] [NetDataInstance.cpp:385][Send] x:378600,	y:-665588,	z:2387.31,	h:190.653,	p:0,	r:0
[2025-10-28 21:41:27.159] [NetDataInstance.cpp:393][Send] x:379076,	y:-668042,	z:2387.31,	h:190.972,	p:5.46272e-05,	r:0
[2025-10-28 21:41:27.159] [NetDataInstance.cpp:401][Send] x:379566,	y:-670494,	z:2387.32,	h:191.29,	p:-0.00187225,	r:0
[2025-10-28 21:41:27.159] [NetDataInstance.cpp:409][Send] x:380069,	y:-672943,	z:2387.15,	h:191.608,	p:0.00212167,	r:0
[2025-10-28 21:41:27.160] [NetDataInstance.cpp:417][Send] x:380585,	y:-675389,	z:2387.42,	h:191.928,	p:0.072723,	r:0
[2025-10-28 21:41:27.160] [NetDataInstance.cpp:425][Send] x:380585,	y:-675389,	z:2387.42,	h:12.2487,	p:-0.143324,	r:0
[2025-10-28 21:41:27.168] [NetDataInstance.cpp:360][Send] --------------------------------------------------------
[2025-10-28 21:41:27.169] [NetDataInstance.cpp:369][Send] x:377689,	y:-660672,	z:2387.31,	h:190.011,	p:0,	r:0
[2025-10-28 21:41:27.169] [NetDataInstance.cpp:377][Send] x:378138,	y:-663131,	z:2387.31,	h:190.333,	p:0,	r:0
[2025-10-28 21:41:27.170] [NetDataInstance.cpp:385][Send] x:378600,	y:-665588,	z:2387.31,	h:190.653,	p:0,	r:0
[2025-10-28 21:41:27.170] [NetDataInstance.cpp:393][Send] x:379076,	y:-668042,	z:2387.31,	h:190.972,	p:5.46272e-05,	r:0
[2025-10-28 21:41:27.170] [NetDataInstance.cpp:401][Send] x:379566,	y:-670494,	z:2387.32,	h:191.29,	p:-0.00187225,	r:0
[2025-10-28 21:41:27.171] [NetDataInstance.cpp:409][Send] x:380069,	y:-672943,	z:2387.15,	h:191.608,	p:0.00212167,	r:0
[2025-10-28 21:41:27.171] [NetDataInstance.cpp:417][Send] x:380585,	y:-675389,	z:2387.42,	h:191.928,	p:0.072723,	r:0
[2025-10-28 21:41:27.171] [NetDataInstance.cpp:425][Send] x:380585,	y:-675389,	z:2387.42,	h:12.2487,	p:-0.143324,	r:0
[2025-10-28 21:41:27.192] [NetDataInstance.cpp:360][Send] --------------------------------------------------------
[2025-10-28 21:41:27.192] [NetDataInstance.cpp:369][Send] x:377689,	y:-660672,	z:2387.31,	h:190.011,	p:0,	r:0
[2025-10-28 21:41:27.192] [NetDataInstance.cpp:377][Send] x:378138,	y:-663131,	z:2387.31,	h:190.333,	p:0,	r:0
[2025-10-28 21:41:27.192] [NetDataInstance.cpp:385][Send] x:378600,	y:-665588,	z:2387.31,	h:190.653,	p:0,	r:0
[2025-10-28 21:41:27.193] [NetDataInstance.cpp:393][Send] x:379076,	y:-668042,	z:2387.31,	h:190.972,	p:5.46272e-05,	r:0
[2025-10-28 21:41:27.193] [NetDataInstance.cpp:401][Send] x:379566,	y:-670494,	z:2387.32,	h:191.29,	p:-0.00187225,	r:0
[2025-10-28 21:41:27.193] [NetDataInstance.cpp:409][Send] x:380069,	y:-672943,	z:2387.15,	h:191.608,	p:0.00212167,	r:0
[2025-10-28 21:41:27.193] [NetDataInstance.cpp:417][Send] x:380585,	y:-675389,	z:2387.42,	h:191.928,	p:0.072723,	r:0
[2025-10-28 21:41:27.193] [NetDataInstance.cpp:425][Send] x:380585,	y:-675389,	z:2387.42,	h:12.2487,	p:-0.143324,	r:0
[2025-10-28 21:41:27.208] [NetDataInstance.cpp:360][Send] --------------------------------------------------------
[2025-10-28 21:41:27.208] [NetDataInstance.cpp:369][Send] x:377689,	y:-660672,	z:2387.31,	h:190.011,	p:0,	r:0
[2025-10-28 21:41:27.208] [NetDataInstance.cpp:377][Send] x:378138,	y:-663131,	z:2387.31,	h:190.333,	p:0,	r:0
[2025-10-28 21:41:27.208] [NetDataInstance.cpp:385][Send] x:378600,	y:-665588,	z:2387.31,	h:190.653,	p:0,	r:0
[2025-10-28 21:41:27.208] [NetDataInstance.cpp:393][Send] x:379076,	y:-668042,	z:2387.31,	h:190.972,	p:5.46272e-05,	r:0
[2025-10-28 21:41:27.209] [NetDataInstance.cpp:401][Send] x:379566,	y:-670494,	z:2387.32,	h:191.29,	p:-0.00187225,	r:0
[2025-10-28 21:41:27.209] [NetDataInstance.cpp:409][Send] x:380069,	y:-672943,	z:2387.15,	h:191.608,	p:0.00212167,	r:0
[2025-10-28 21:41:27.209] [NetDataInstance.cpp:417][Send] x:380585,	y:-675389,	z:2387.42,	h:191.928,	p:0.072723,	r:0
[2025-10-28 21:41:27.209] [NetDataInstance.cpp:425][Send] x:380585,	y:-675389,	z:2387.42,	h:12.2487,	p:-0.143324,	r:0
[2025-10-28 21:41:27.224] [NetDataInstance.cpp:360][Send] --------------------------------------------------------
[2025-10-28 21:41:27.224] [NetDataInstance.cpp:369][Send] x:377689,	y:-660672,	z:2387.31,	h:190.011,	p:0,	r:0
[2025-10-28 21:41:27.224] [NetDataInstance.cpp:377][Send] x:378138,	y:-663131,	z:2387.31,	h:190.333,	p:0,	r:0
[2025-10-28 21:41:27.224] [NetDataInstance.cpp:385][Send] x:378600,	y:-665588,	z:2387.31,	h:190.653,	p:0,	r:0
[2025-10-28 21:41:27.224] [NetDataInstance.cpp:393][Send] x:379076,	y:-668042,	z:2387.31,	h:190.972,	p:5.46272e-05,	r:0
[2025-10-28 21:41:27.224] [NetDataInstance.cpp:401][Send] x:379566,	y:-670494,	z:2387.32,	h:191.29,	p:-0.00187225,	r:0
[2025-10-28 21:41:27.225] [NetDataInstance.cpp:409][Send] x:380069,	y:-672943,	z:2387.15,	h:191.608,	p:0.00212167,	r:0
[2025-10-28 21:41:27.225] [NetDataInstance.cpp:417][Send] x:380585,	y:-675389,	z:2387.42,	h:191.928,	p:0.072723,	r:0
[2025-10-28 21:41:27.225] [NetDataInstance.cpp:425][Send] x:380585,	y:-675389,	z:2387.42,	h:12.2487,	p:-0.143324,	r:0
[2025-10-28 21:41:27.239] [NetDataInstance.cpp:360][Send] --------------------------------------------------------
[2025-10-28 21:41:27.239] [NetDataInstance.cpp:369][Send] x:377689,	y:-660672,	z:2387.31,	h:190.011,	p:0,	r:0
[2025-10-28 21:41:27.239] [NetDataInstance.cpp:377][Send] x:378138,	y:-663131,	z:2387.31,	h:190.333,	p:0,	r:0
[2025-10-28 21:41:27.239] [NetDataInstance.cpp:385][Send] x:378600,	y:-665588,	z:2387.31,	h:190.653,	p:0,	r:0
[2025-10-28 21:41:27.239] [NetDataInstance.cpp:393][Send] x:379076,	y:-668042,	z:2387.31,	h:190.972,	p:5.46272e-05,	r:0
[2025-10-28 21:41:27.239] [NetDataInstance.cpp:401][Send] x:379566,	y:-670494,	z:2387.32,	h:191.29,	p:-0.00187225,	r:0
[2025-10-28 21:41:27.240] [NetDataInstance.cpp:409][Send] x:380069,	y:-672943,	z:2387.15,	h:191.608,	p:0.00212167,	r:0
[2025-10-28 21:41:27.240] [NetDataInstance.cpp:417][Send] x:380585,	y:-675389,	z:2387.42,	h:191.928,	p:0.072723,	r:0
[2025-10-28 21:41:27.240] [NetDataInstance.cpp:425][Send] x:380585,	y:-675389,	z:2387.42,	h:12.2487,	p:-0.143324,	r:0
[2025-10-28 21:41:27.254] [NetDataInstance.cpp:360][Send] --------------------------------------------------------
[2025-10-28 21:41:27.254] [NetDataInstance.cpp:369][Send] x:377689,	y:-660672,	z:2387.31,	h:190.011,	p:0,	r:0
[2025-10-28 21:41:27.254] [NetDataInstance.cpp:377][Send] x:378138,	y:-663131,	z:2387.31,	h:190.333,	p:0,	r:0
[2025-10-28 21:41:27.254] [NetDataInstance.cpp:385][Send] x:378600,	y:-665588,	z:2387.31,	h:190.653,	p:0,	r:0
[2025-10-28 21:41:27.255] [NetDataInstance.cpp:393][Send] x:379076,	y:-668042,	z:2387.31,	h:190.972,	p:5.46272e-05,	r:0
[2025-10-28 21:41:27.255] [NetDataInstance.cpp:401][Send] x:379566,	y:-670494,	z:2387.32,	h:191.29,	p:-0.00187225,	r:0
[2025-10-28 21:41:27.255] [NetDataInstance.cpp:409][Send] x:380069,	y:-672943,	z:2387.15,	h:191.608,	p:0.00212167,	r:0
[2025-10-28 21:41:27.255] [NetDataInstance.cpp:417][Send] x:380585,	y:-675389,	z:2387.42,	h:191.928,	p:0.072723,	r:0
[2025-10-28 21:41:27.255] [NetDataInstance.cpp:425][Send] x:380585,	y:-675389,	z:2387.42,	h:12.2487,	p:-0.143324,	r:0
[2025-10-28 21:41:27.270] [NetDataInstance.cpp:360][Send] --------------------------------------------------------
[2025-10-28 21:41:27.270] [NetDataInstance.cpp:369][Send] x:377689,	y:-660672,	z:2387.31,	h:190.011,	p:0,	r:0
[2025-10-28 21:41:27.270] [NetDataInstance.cpp:377][Send] x:378138,	y:-663131,	z:2387.31,	h:190.333,	p:0,	r:0
[2025-10-28 21:41:27.270] [NetDataInstance.cpp:385][Send] x:378600,	y:-665588,	z:2387.31,	h:190.653,	p:0,	r:0
[2025-10-28 21:41:27.270] [NetDataInstance.cpp:393][Send] x:379076,	y:-668042,	z:2387.31,	h:190.972,	p:5.46272e-05,	r:0
[2025-10-28 21:41:27.270] [NetDataInstance.cpp:401][Send] x:379566,	y:-670494,	z:2387.32,	h:191.29,	p:-0.00187225,	r:0
[2025-10-28 21:41:27.271] [NetDataInstance.cpp:409][Send] x:380069,	y:-672943,	z:2387.15,	h:191.608,	p:0.00212167,	r:0
[2025-10-28 21:41:27.271] [NetDataInstance.cpp:417][Send] x:380585,	y:-675389,	z:2387.42,	h:191.928,	p:0.072723,	r:0
[2025-10-28 21:41:27.271] [NetDataInstance.cpp:425][Send] x:380585,	y:-675389,	z:2387.42,	h:12.2487,	p:-0.143324,	r:0
[2025-10-28 21:41:27.285] [NetDataInstance.cpp:360][Send] --------------------------------------------------------
[2025-10-28 21:41:27.285] [NetDataInstance.cpp:369][Send] x:377689,	y:-660672,	z:2387.31,	h:190.011,	p:0,	r:0
[2025-10-28 21:41:27.285] [NetDataInstance.cpp:377][Send] x:378138,	y:-663131,	z:2387.31,	h:190.333,	p:0,	r:0
[2025-10-28 21:41:27.285] [NetDataInstance.cpp:385][Send] x:378600,	y:-665588,	z:2387.31,	h:190.653,	p:0,	r:0
[2025-10-28 21:41:27.285] [NetDataInstance.cpp:393][Send] x:379076,	y:-668042,	z:2387.31,	h:190.972,	p:5.46272e-05,	r:0
[2025-10-28 21:41:27.286] [NetDataInstance.cpp:401][Send] x:379566,	y:-670494,	z:2387.32,	h:191.29,	p:-0.00187225,	r:0
[2025-10-28 21:41:27.286] [NetDataInstance.cpp:409][Send] x:380069,	y:-672943,	z:2387.15,	h:191.608,	p:0.00212167,	r:0
[2025-10-28 21:41:27.286] [NetDataInstance.cpp:417][Send] x:380585,	y:-675389,	z:2387.42,	h:191.928,	p:0.072723,	r:0
[2025-10-28 21:41:27.286] [NetDataInstance.cpp:425][Send] x:380585,	y:-675389,	z:2387.42,	h:12.2487,	p:-0.143324,	r:0
[2025-10-28 21:41:27.316] [NetDataInstance.cpp:360][Send] --------------------------------------------------------
[2025-10-28 21:41:27.316] [NetDataInstance.cpp:369][Send] x:377689,	y:-660672,	z:2387.31,	h:190.011,	p:0,	r:0
[2025-10-28 21:41:27.316] [NetDataInstance.cpp:377][Send] x:378138,	y:-663131,	z:2387.31,	h:190.333,	p:0,	r:0
[2025-10-28 21:41:27.316] [NetDataInstance.cpp:385][Send] x:378600,	y:-665588,	z:2387.31,	h:190.653,	p:0,	r:0
[2025-10-28 21:41:27.316] [NetDataInstance.cpp:393][Send] x:379076,	y:-668042,	z:2387.31,	h:190.972,	p:5.46272e-05,	r:0
[2025-10-28 21:41:27.316] [NetDataInstance.cpp:401][Send] x:379566,	y:-670494,	z:2387.32,	h:191.29,	p:-0.00187225,	r:0
[2025-10-28 21:41:27.317] [NetDataInstance.cpp:409][Send] x:380069,	y:-672943,	z:2387.15,	h:191.608,	p:0.00212167,	r:0
[2025-10-28 21:41:27.317] [NetDataInstance.cpp:417][Send] x:380585,	y:-675389,	z:2387.42,	h:191.928,	p:0.072723,	r:0
[2025-10-28 21:41:27.317] [NetDataInstance.cpp:425][Send] x:380585,	y:-675389,	z:2387.42,	h:12.2487,	p:-0.143324,	r:0
[2025-10-28 21:41:27.331] [NetDataInstance.cpp:360][Send] --------------------------------------------------------
[2025-10-28 21:41:27.331] [NetDataInstance.cpp:369][Send] x:377689,	y:-660672,	z:2387.31,	h:190.011,	p:0,	r:0
[2025-10-28 21:41:27.331] [NetDataInstance.cpp:377][Send] x:378138,	y:-663131,	z:2387.31,	h:190.333,	p:0,	r:0
[2025-10-28 21:41:27.331] [NetDataInstance.cpp:385][Send] x:378600,	y:-665588,	z:2387.31,	h:190.653,	p:0,	r:0
[2025-10-28 21:41:27.332] [NetDataInstance.cpp:393][Send] x:379076,	y:-668042,	z:2387.31,	h:190.972,	p:5.46272e-05,	r:0
[2025-10-28 21:41:27.332] [NetDataInstance.cpp:401][Send] x:379566,	y:-670494,	z:2387.32,	h:191.29,	p:-0.00187225,	r:0
[2025-10-28 21:41:27.332] [NetDataInstance.cpp:409][Send] x:380069,	y:-672943,	z:2387.15,	h:191.608,	p:0.00212167,	r:0
[2025-10-28 21:41:27.332] [NetDataInstance.cpp:417][Send] x:380585,	y:-675389,	z:2387.42,	h:191.928,	p:0.072723,	r:0
[2025-10-28 21:41:27.332] [NetDataInstance.cpp:425][Send] x:380585,	y:-675389,	z:2387.42,	h:12.2487,	p:-0.143324,	r:0
[2025-10-28 21:41:27.346] [NetDataInstance.cpp:360][Send] --------------------------------------------------------
[2025-10-28 21:41:27.346] [NetDataInstance.cpp:369][Send] x:377689,	y:-660672,	z:2387.31,	h:190.011,	p:0,	r:0
[2025-10-28 21:41:27.346] [NetDataInstance.cpp:377][Send] x:378138,	y:-663131,	z:2387.31,	h:190.333,	p:0,	r:0
[2025-10-28 21:41:27.346] [NetDataInstance.cpp:385][Send] x:378600,	y:-665588,	z:2387.31,	h:190.653,	p:0,	r:0
[2025-10-28 21:41:27.347] [NetDataInstance.cpp:393][Send] x:379076,	y:-668042,	z:2387.31,	h:190.972,	p:5.46272e-05,	r:0
[2025-10-28 21:41:27.347] [NetDataInstance.cpp:401][Send] x:379566,	y:-670494,	z:2387.32,	h:191.29,	p:-0.00187225,	r:0
[2025-10-28 21:41:27.347] [NetDataInstance.cpp:409][Send] x:380069,	y:-672943,	z:2387.15,	h:191.608,	p:0.00212167,	r:0
[2025-10-28 21:41:27.347] [NetDataInstance.cpp:417][Send] x:380585,	y:-675389,	z:2387.42,	h:191.928,	p:0.072723,	r:0
[2025-10-28 21:41:27.347] [NetDataInstance.cpp:425][Send] x:380585,	y:-675389,	z:2387.42,	h:12.2487,	p:-0.143324,	r:0
[2025-10-28 21:41:27.362] [NetDataInstance.cpp:360][Send] --------------------------------------------------------
[2025-10-28 21:41:27.362] [NetDataInstance.cpp:369][Send] x:377689,	y:-660672,	z:2387.31,	h:190.011,	p:0,	r:0
[2025-10-28 21:41:27.362] [NetDataInstance.cpp:377][Send] x:378138,	y:-663131,	z:2387.31,	h:190.333,	p:0,	r:0
[2025-10-28 21:41:27.362] [NetDataInstance.cpp:385][Send] x:378600,	y:-665588,	z:2387.31,	h:190.653,	p:0,	r:0
[2025-10-28 21:41:27.362] [NetDataInstance.cpp:393][Send] x:379076,	y:-668042,	z:2387.31,	h:190.972,	p:5.46272e-05,	r:0
[2025-10-28 21:41:27.362] [NetDataInstance.cpp:401][Send] x:379566,	y:-670494,	z:2387.32,	h:191.29,	p:-0.00187225,	r:0
[2025-10-28 21:41:27.363] [NetDataInstance.cpp:409][Send] x:380069,	y:-672943,	z:2387.15,	h:191.608,	p:0.00212167,	r:0
[2025-10-28 21:41:27.363] [NetDataInstance.cpp:417][Send] x:380585,	y:-675389,	z:2387.42,	h:191.928,	p:0.072723,	r:0
[2025-10-28 21:41:27.363] [NetDataInstance.cpp:425][Send] x:380585,	y:-675389,	z:2387.42,	h:12.2487,	p:-0.143324,	r:0
[2025-10-28 21:41:27.377] [NetDataInstance.cpp:360][Send] --------------------------------------------------------
[2025-10-28 21:41:27.377] [NetDataInstance.cpp:369][Send] x:377689,	y:-660672,	z:2387.31,	h:190.011,	p:0,	r:0
[2025-10-28 21:41:27.377] [NetDataInstance.cpp:377][Send] x:378138,	y:-663131,	z:2387.31,	h:190.333,	p:0,	r:0
[2025-10-28 21:41:27.377] [NetDataInstance.cpp:385][Send] x:378600,	y:-665588,	z:2387.31,	h:190.653,	p:0,	r:0
[2025-10-28 21:41:27.377] [NetDataInstance.cpp:393][Send] x:379076,	y:-668042,	z:2387.31,	h:190.972,	p:5.46272e-05,	r:0
[2025-10-28 21:41:27.377] [NetDataInstance.cpp:401][Send] x:379566,	y:-670494,	z:2387.32,	h:191.29,	p:-0.00187225,	r:0
[2025-10-28 21:41:27.377] [NetDataInstance.cpp:409][Send] x:380069,	y:-672943,	z:2387.15,	h:191.608,	p:0.00212167,	r:0
[2025-10-28 21:41:27.377] [NetDataInstance.cpp:417][Send] x:380585,	y:-675389,	z:2387.42,	h:191.928,	p:0.072723,	r:0
[2025-10-28 21:41:27.377] [NetDataInstance.cpp:425][Send] x:380585,	y:-675389,	z:2387.42,	h:12.2487,	p:-0.143324,	r:0
[2025-10-28 21:41:27.392] [NetDataInstance.cpp:360][Send] --------------------------------------------------------
[2025-10-28 21:41:27.392] [NetDataInstance.cpp:369][Send] x:377689,	y:-660672,	z:2387.31,	h:190.011,	p:0,	r:0
[2025-10-28 21:41:27.392] [NetDataInstance.cpp:377][Send] x:378138,	y:-663131,	z:2387.31,	h:190.333,	p:0,	r:0
[2025-10-28 21:41:27.392] [NetDataInstance.cpp:385][Send] x:378600,	y:-665588,	z:2387.31,	h:190.653,	p:0,	r:0
[2025-10-28 21:41:27.392] [NetDataInstance.cpp:393][Send] x:379076,	y:-668042,	z:2387.31,	h:190.972,	p:5.46272e-05,	r:0
[2025-10-28 21:41:27.392] [NetDataInstance.cpp:401][Send] x:379566,	y:-670494,	z:2387.32,	h:191.29,	p:-0.00187225,	r:0
[2025-10-28 21:41:27.392] [NetDataInstance.cpp:409][Send] x:380069,	y:-672943,	z:2387.15,	h:191.608,	p:0.00212167,	r:0
[2025-10-28 21:41:27.392] [NetDataInstance.cpp:417][Send] x:380585,	y:-675389,	z:2387.42,	h:191.928,	p:0.072723,	r:0
[2025-10-28 21:41:27.393] [NetDataInstance.cpp:425][Send] x:380585,	y:-675389,	z:2387.42,	h:12.2487,	p:-0.143324,	r:0
[2025-10-28 21:41:27.406] [NetDataInstance.cpp:360][Send] --------------------------------------------------------
[2025-10-28 21:41:27.406] [NetDataInstance.cpp:369][Send] x:377689,	y:-660672,	z:2387.31,	h:190.011,	p:0,	r:0
[2025-10-28 21:41:27.407] [NetDataInstance.cpp:377][Send] x:378138,	y:-663131,	z:2387.31,	h:190.333,	p:0,	r:0
[2025-10-28 21:41:27.407] [NetDataInstance.cpp:385][Send] x:378600,	y:-665588,	z:2387.31,	h:190.653,	p:0,	r:0
[2025-10-28 21:41:27.407] [NetDataInstance.cpp:393][Send] x:379076,	y:-668042,	z:2387.31,	h:190.972,	p:5.46272e-05,	r:0
[2025-10-28 21:41:27.407] [NetDataInstance.cpp:401][Send] x:379566,	y:-670494,	z:2387.32,	h:191.29,	p:-0.00187225,	r:0
[2025-10-28 21:41:27.407] [NetDataInstance.cpp:409][Send] x:380069,	y:-672943,	z:2387.15,	h:191.608,	p:0.00212167,	r:0
[2025-10-28 21:41:27.407] [NetDataInstance.cpp:417][Send] x:380585,	y:-675389,	z:2387.42,	h:191.928,	p:0.072723,	r:0
[2025-10-28 21:41:27.407] [NetDataInstance.cpp:425][Send] x:380585,	y:-675389,	z:2387.42,	h:12.2487,	p:-0.143324,	r:0
[2025-10-28 21:41:27.421] [NetDataInstance.cpp:360][Send] --------------------------------------------------------
[2025-10-28 21:41:27.421] [NetDataInstance.cpp:369][Send] x:377689,	y:-660672,	z:2387.31,	h:190.011,	p:0,	r:0
[2025-10-28 21:41:27.421] [NetDataInstance.cpp:377][Send] x:378138,	y:-663131,	z:2387.31,	h:190.333,	p:0,	r:0
[2025-10-28 21:41:27.421] [NetDataInstance.cpp:385][Send] x:378600,	y:-665588,	z:2387.31,	h:190.653,	p:0,	r:0
[2025-10-28 21:41:27.422] [NetDataInstance.cpp:393][Send] x:379076,	y:-668042,	z:2387.31,	h:190.972,	p:5.46272e-05,	r:0
[2025-10-28 21:41:27.422] [NetDataInstance.cpp:401][Send] x:379566,	y:-670494,	z:2387.32,	h:191.29,	p:-0.00187225,	r:0
[2025-10-28 21:41:27.422] [NetDataInstance.cpp:409][Send] x:380069,	y:-672943,	z:2387.15,	h:191.608,	p:0.00212167,	r:0
[2025-10-28 21:41:27.422] [NetDataInstance.cpp:417][Send] x:380585,	y:-675389,	z:2387.42,	h:191.928,	p:0.072723,	r:0
[2025-10-28 21:41:27.422] [NetDataInstance.cpp:425][Send] x:380585,	y:-675389,	z:2387.42,	h:12.2487,	p:-0.143324,	r:0
[2025-10-28 21:41:27.452] [NetDataInstance.cpp:360][Send] --------------------------------------------------------
[2025-10-28 21:41:27.452] [NetDataInstance.cpp:369][Send] x:377689,	y:-660672,	z:2387.31,	h:190.011,	p:0,	r:0
[2025-10-28 21:41:27.452] [NetDataInstance.cpp:377][Send] x:378138,	y:-663131,	z:2387.31,	h:190.333,	p:0,	r:0
[2025-10-28 21:41:27.452] [NetDataInstance.cpp:385][Send] x:378600,	y:-665588,	z:2387.31,	h:190.653,	p:0,	r:0
[2025-10-28 21:41:27.453] [NetDataInstance.cpp:393][Send] x:379076,	y:-668042,	z:2387.31,	h:190.972,	p:5.46272e-05,	r:0
[2025-10-28 21:41:27.453] [NetDataInstance.cpp:401][Send] x:379566,	y:-670494,	z:2387.32,	h:191.29,	p:-0.00187225,	r:0
[2025-10-28 21:41:27.453] [NetDataInstance.cpp:409][Send] x:380069,	y:-672943,	z:2387.15,	h:191.608,	p:0.00212167,	r:0
[2025-10-28 21:41:27.453] [NetDataInstance.cpp:417][Send] x:380585,	y:-675389,	z:2387.42,	h:191.928,	p:0.072723,	r:0
[2025-10-28 21:41:27.453] [NetDataInstance.cpp:425][Send] x:380585,	y:-675389,	z:2387.42,	h:12.2487,	p:-0.143324,	r:0
[2025-10-28 21:41:27.468] [NetDataInstance.cpp:360][Send] --------------------------------------------------------
[2025-10-28 21:41:27.468] [NetDataInstance.cpp:369][Send] x:377689,	y:-660672,	z:2387.31,	h:190.011,	p:0,	r:0
[2025-10-28 21:41:27.468] [NetDataInstance.cpp:377][Send] x:378138,	y:-663131,	z:2387.31,	h:190.333,	p:0,	r:0
[2025-10-28 21:41:27.468] [NetDataInstance.cpp:385][Send] x:378600,	y:-665588,	z:2387.31,	h:190.653,	p:0,	r:0
[2025-10-28 21:41:27.468] [NetDataInstance.cpp:393][Send] x:379076,	y:-668042,	z:2387.31,	h:190.972,	p:5.46272e-05,	r:0
[2025-10-28 21:41:27.468] [NetDataInstance.cpp:401][Send] x:379566,	y:-670494,	z:2387.32,	h:191.29,	p:-0.00187225,	r:0
[2025-10-28 21:41:27.469] [NetDataInstance.cpp:409][Send] x:380069,	y:-672943,	z:2387.15,	h:191.608,	p:0.00212167,	r:0
[2025-10-28 21:41:27.469] [NetDataInstance.cpp:417][Send] x:380585,	y:-675389,	z:2387.42,	h:191.928,	p:0.072723,	r:0
[2025-10-28 21:41:27.469] [NetDataInstance.cpp:425][Send] x:380585,	y:-675389,	z:2387.42,	h:12.2487,	p:-0.143324,	r:0
[2025-10-28 21:41:27.484] [NetDataInstance.cpp:360][Send] --------------------------------------------------------
[2025-10-28 21:41:27.484] [NetDataInstance.cpp:369][Send] x:377689,	y:-660672,	z:2387.31,	h:190.011,	p:0,	r:0
[2025-10-28 21:41:27.484] [NetDataInstance.cpp:377][Send] x:378138,	y:-663131,	z:2387.31,	h:190.333,	p:0,	r:0
[2025-10-28 21:41:27.484] [NetDataInstance.cpp:385][Send] x:378600,	y:-665588,	z:2387.31,	h:190.653,	p:0,	r:0
[2025-10-28 21:41:27.484] [NetDataInstance.cpp:393][Send] x:379076,	y:-668042,	z:2387.31,	h:190.972,	p:5.46272e-05,	r:0
[2025-10-28 21:41:27.484] [NetDataInstance.cpp:401][Send] x:379566,	y:-670494,	z:2387.32,	h:191.29,	p:-0.00187225,	r:0
[2025-10-28 21:41:27.484] [NetDataInstance.cpp:409][Send] x:380069,	y:-672943,	z:2387.15,	h:191.608,	p:0.00212167,	r:0
[2025-10-28 21:41:27.484] [NetDataInstance.cpp:417][Send] x:380585,	y:-675389,	z:2387.42,	h:191.928,	p:0.072723,	r:0
[2025-10-28 21:41:27.484] [NetDataInstance.cpp:425][Send] x:380585,	y:-675389,	z:2387.42,	h:12.2487,	p:-0.143324,	r:0
[2025-10-28 21:41:27.499] [NetDataInstance.cpp:360][Send] --------------------------------------------------------
[2025-10-28 21:41:27.499] [NetDataInstance.cpp:369][Send] x:377689,	y:-660672,	z:2387.31,	h:190.011,	p:0,	r:0
[2025-10-28 21:41:27.499] [NetDataInstance.cpp:377][Send] x:378138,	y:-663131,	z:2387.31,	h:190.333,	p:0,	r:0
[2025-10-28 21:41:27.499] [NetDataInstance.cpp:385][Send] x:378600,	y:-665588,	z:2387.31,	h:190.653,	p:0,	r:0
[2025-10-28 21:41:27.499] [NetDataInstance.cpp:393][Send] x:379076,	y:-668042,	z:2387.31,	h:190.972,	p:5.46272e-05,	r:0
[2025-10-28 21:41:27.499] [NetDataInstance.cpp:401][Send] x:379566,	y:-670494,	z:2387.32,	h:191.29,	p:-0.00187225,	r:0
[2025-10-28 21:41:27.499] [NetDataInstance.cpp:409][Send] x:380069,	y:-672943,	z:2387.15,	h:191.608,	p:0.00212167,	r:0
[2025-10-28 21:41:27.499] [NetDataInstance.cpp:417][Send] x:380585,	y:-675389,	z:2387.42,	h:191.928,	p:0.072723,	r:0
[2025-10-28 21:41:27.499] [NetDataInstance.cpp:425][Send] x:380585,	y:-675389,	z:2387.42,	h:12.2487,	p:-0.143324,	r:0
[2025-10-28 21:41:27.513] [NetDataInstance.cpp:360][Send] --------------------------------------------------------
[2025-10-28 21:41:27.514] [NetDataInstance.cpp:369][Send] x:377689,	y:-660672,	z:2387.31,	h:190.011,	p:0,	r:0
[2025-10-28 21:41:27.514] [NetDataInstance.cpp:377][Send] x:378138,	y:-663131,	z:2387.31,	h:190.333,	p:0,	r:0
[2025-10-28 21:41:27.514] [NetDataInstance.cpp:385][Send] x:378600,	y:-665588,	z:2387.31,	h:190.653,	p:0,	r:0
[2025-10-28 21:41:27.514] [NetDataInstance.cpp:393][Send] x:379076,	y:-668042,	z:2387.31,	h:190.972,	p:5.46272e-05,	r:0
[2025-10-28 21:41:27.514] [NetDataInstance.cpp:401][Send] x:379566,	y:-670494,	z:2387.32,	h:191.29,	p:-0.00187225,	r:0
[2025-10-28 21:41:27.514] [NetDataInstance.cpp:409][Send] x:380069,	y:-672943,	z:2387.15,	h:191.608,	p:0.00212167,	r:0
[2025-10-28 21:41:27.514] [NetDataInstance.cpp:417][Send] x:380585,	y:-675389,	z:2387.42,	h:191.928,	p:0.072723,	r:0
[2025-10-28 21:41:27.514] [NetDataInstance.cpp:425][Send] x:380585,	y:-675389,	z:2387.42,	h:12.2487,	p:-0.143324,	r:0
[2025-10-28 21:41:27.529] [NetDataInstance.cpp:360][Send] --------------------------------------------------------
[2025-10-28 21:41:27.529] [NetDataInstance.cpp:369][Send] x:377689,	y:-660672,	z:2387.31,	h:190.011,	p:0,	r:0
[2025-10-28 21:41:27.529] [NetDataInstance.cpp:377][Send] x:378138,	y:-663131,	z:2387.31,	h:190.333,	p:0,	r:0
[2025-10-28 21:41:27.529] [NetDataInstance.cpp:385][Send] x:378600,	y:-665588,	z:2387.31,	h:190.653,	p:0,	r:0
[2025-10-28 21:41:27.529] [NetDataInstance.cpp:393][Send] x:379076,	y:-668042,	z:2387.31,	h:190.972,	p:5.46272e-05,	r:0
[2025-10-28 21:41:27.530] [NetDataInstance.cpp:401][Send] x:379566,	y:-670494,	z:2387.32,	h:191.29,	p:-0.00187225,	r:0
[2025-10-28 21:41:27.530] [NetDataInstance.cpp:409][Send] x:380069,	y:-672943,	z:2387.15,	h:191.608,	p:0.00212167,	r:0
[2025-10-28 21:41:27.530] [NetDataInstance.cpp:417][Send] x:380585,	y:-675389,	z:2387.42,	h:191.928,	p:0.072723,	r:0
[2025-10-28 21:41:27.530] [NetDataInstance.cpp:425][Send] x:380585,	y:-675389,	z:2387.42,	h:12.2487,	p:-0.143324,	r:0
[2025-10-28 21:41:27.545] [NetDataInstance.cpp:360][Send] --------------------------------------------------------
[2025-10-28 21:41:27.545] [NetDataInstance.cpp:369][Send] x:377689,	y:-660672,	z:2387.31,	h:190.011,	p:0,	r:0
[2025-10-28 21:41:27.545] [NetDataInstance.cpp:377][Send] x:378138,	y:-663131,	z:2387.31,	h:190.333,	p:0,	r:0
[2025-10-28 21:41:27.545] [NetDataInstance.cpp:385][Send] x:378600,	y:-665588,	z:2387.31,	h:190.653,	p:0,	r:0
[2025-10-28 21:41:27.545] [NetDataInstance.cpp:393][Send] x:379076,	y:-668042,	z:2387.31,	h:190.972,	p:5.46272e-05,	r:0
[2025-10-28 21:41:27.545] [NetDataInstance.cpp:401][Send] x:379566,	y:-670494,	z:2387.32,	h:191.29,	p:-0.00187225,	r:0
[2025-10-28 21:41:27.545] [NetDataInstance.cpp:409][Send] x:380069,	y:-672943,	z:2387.15,	h:191.608,	p:0.00212167,	r:0
[2025-10-28 21:41:27.545] [NetDataInstance.cpp:417][Send] x:380585,	y:-675389,	z:2387.42,	h:191.928,	p:0.072723,	r:0
[2025-10-28 21:41:27.545] [NetDataInstance.cpp:425][Send] x:380585,	y:-675389,	z:2387.42,	h:12.2487,	p:-0.143324,	r:0
[2025-10-28 21:41:27.560] [NetDataInstance.cpp:360][Send] --------------------------------------------------------
[2025-10-28 21:41:27.560] [NetDataInstance.cpp:369][Send] x:377689,	y:-660672,	z:2387.31,	h:190.011,	p:0,	r:0
[2025-10-28 21:41:27.560] [NetDataInstance.cpp:377][Send] x:378138,	y:-663131,	z:2387.31,	h:190.333,	p:0,	r:0
[2025-10-28 21:41:27.560] [NetDataInstance.cpp:385][Send] x:378600,	y:-665588,	z:2387.31,	h:190.653,	p:0,	r:0
[2025-10-28 21:41:27.561] [NetDataInstance.cpp:393][Send] x:379076,	y:-668042,	z:2387.31,	h:190.972,	p:5.46272e-05,	r:0
[2025-10-28 21:41:27.561] [NetDataInstance.cpp:401][Send] x:379566,	y:-670494,	z:2387.32,	h:191.29,	p:-0.00187225,	r:0
[2025-10-28 21:41:27.561] [NetDataInstance.cpp:409][Send] x:380069,	y:-672943,	z:2387.15,	h:191.608,	p:0.00212167,	r:0
[2025-10-28 21:41:27.561] [NetDataInstance.cpp:417][Send] x:380585,	y:-675389,	z:2387.42,	h:191.928,	p:0.072723,	r:0
[2025-10-28 21:41:27.561] [NetDataInstance.cpp:425][Send] x:380585,	y:-675389,	z:2387.42,	h:12.2487,	p:-0.143324,	r:0
[2025-10-28 21:41:27.576] [NetDataInstance.cpp:360][Send] --------------------------------------------------------
[2025-10-28 21:41:27.577] [NetDataInstance.cpp:369][Send] x:377689,	y:-660672,	z:2387.31,	h:190.011,	p:0,	r:0
[2025-10-28 21:41:27.577] [NetDataInstance.cpp:377][Send] x:378138,	y:-663131,	z:2387.31,	h:190.333,	p:0,	r:0
[2025-10-28 21:41:27.577] [NetDataInstance.cpp:385][Send] x:378600,	y:-665588,	z:2387.31,	h:190.653,	p:0,	r:0
[2025-10-28 21:41:27.577] [NetDataInstance.cpp:393][Send] x:379076,	y:-668042,	z:2387.31,	h:190.972,	p:5.46272e-05,	r:0
[2025-10-28 21:41:27.577] [NetDataInstance.cpp:401][Send] x:379566,	y:-670494,	z:2387.32,	h:191.29,	p:-0.00187225,	r:0
[2025-10-28 21:41:27.577] [NetDataInstance.cpp:409][Send] x:380069,	y:-672943,	z:2387.15,	h:191.608,	p:0.00212167,	r:0
[2025-10-28 21:41:27.577] [NetDataInstance.cpp:417][Send] x:380585,	y:-675389,	z:2387.42,	h:191.928,	p:0.072723,	r:0
[2025-10-28 21:41:27.577] [NetDataInstance.cpp:425][Send] x:380585,	y:-675389,	z:2387.42,	h:12.2487,	p:-0.143324,	r:0
[2025-10-28 21:41:27.592] [NetDataInstance.cpp:360][Send] --------------------------------------------------------
[2025-10-28 21:41:27.592] [NetDataInstance.cpp:369][Send] x:377689,	y:-660672,	z:2387.31,	h:190.011,	p:0,	r:0
[2025-10-28 21:41:27.592] [NetDataInstance.cpp:377][Send] x:378138,	y:-663131,	z:2387.31,	h:190.333,	p:0,	r:0
[2025-10-28 21:41:27.592] [NetDataInstance.cpp:385][Send] x:378600,	y:-665588,	z:2387.31,	h:190.653,	p:0,	r:0
[2025-10-28 21:41:27.592] [NetDataInstance.cpp:393][Send] x:379076,	y:-668042,	z:2387.31,	h:190.972,	p:5.46272e-05,	r:0
[2025-10-28 21:41:27.592] [NetDataInstance.cpp:401][Send] x:379566,	y:-670494,	z:2387.32,	h:191.29,	p:-0.00187225,	r:0
[2025-10-28 21:41:27.592] [NetDataInstance.cpp:409][Send] x:380069,	y:-672943,	z:2387.15,	h:191.608,	p:0.00212167,	r:0
[2025-10-28 21:41:27.592] [NetDataInstance.cpp:417][Send] x:380585,	y:-675389,	z:2387.42,	h:191.928,	p:0.072723,	r:0
[2025-10-28 21:41:27.592] [NetDataInstance.cpp:425][Send] x:380585,	y:-675389,	z:2387.42,	h:12.2487,	p:-0.143324,	r:0
[2025-10-28 21:41:27.623] [NetDataInstance.cpp:360][Send] --------------------------------------------------------
[2025-10-28 21:41:27.623] [NetDataInstance.cpp:369][Send] x:377689,	y:-660672,	z:2387.31,	h:190.011,	p:0,	r:0
[2025-10-28 21:41:27.623] [NetDataInstance.cpp:377][Send] x:378138,	y:-663131,	z:2387.31,	h:190.333,	p:0,	r:0
[2025-10-28 21:41:27.623] [NetDataInstance.cpp:385][Send] x:378600,	y:-665588,	z:2387.31,	h:190.653,	p:0,	r:0
[2025-10-28 21:41:27.623] [NetDataInstance.cpp:393][Send] x:379076,	y:-668042,	z:2387.31,	h:190.972,	p:5.46272e-05,	r:0
[2025-10-28 21:41:27.623] [NetDataInstance.cpp:401][Send] x:379566,	y:-670494,	z:2387.32,	h:191.29,	p:-0.00187225,	r:0
[2025-10-28 21:41:27.623] [NetDataInstance.cpp:409][Send] x:380069,	y:-672943,	z:2387.15,	h:191.608,	p:0.00212167,	r:0
[2025-10-28 21:41:27.623] [NetDataInstance.cpp:417][Send] x:380585,	y:-675389,	z:2387.42,	h:191.928,	p:0.072723,	r:0
[2025-10-28 21:41:27.623] [NetDataInstance.cpp:425][Send] x:380585,	y:-675389,	z:2387.42,	h:12.2487,	p:-0.143324,	r:0
[2025-10-28 21:41:27.638] [NetDataInstance.cpp:360][Send] --------------------------------------------------------
[2025-10-28 21:41:27.638] [NetDataInstance.cpp:369][Send] x:377689,	y:-660672,	z:2387.31,	h:190.011,	p:0,	r:0
[2025-10-28 21:41:27.638] [NetDataInstance.cpp:377][Send] x:378138,	y:-663131,	z:2387.31,	h:190.333,	p:0,	r:0
[2025-10-28 21:41:27.638] [NetDataInstance.cpp:385][Send] x:378600,	y:-665588,	z:2387.31,	h:190.653,	p:0,	r:0
[2025-10-28 21:41:27.638] [NetDataInstance.cpp:393][Send] x:379076,	y:-668042,	z:2387.31,	h:190.972,	p:5.46272e-05,	r:0
[2025-10-28 21:41:27.638] [NetDataInstance.cpp:401][Send] x:379566,	y:-670494,	z:2387.32,	h:191.29,	p:-0.00187225,	r:0
[2025-10-28 21:41:27.638] [NetDataInstance.cpp:409][Send] x:380069,	y:-672943,	z:2387.15,	h:191.608,	p:0.00212167,	r:0
[2025-10-28 21:41:27.638] [NetDataInstance.cpp:417][Send] x:380585,	y:-675389,	z:2387.42,	h:191.928,	p:0.072723,	r:0
[2025-10-28 21:41:27.639] [NetDataInstance.cpp:425][Send] x:380585,	y:-675389,	z:2387.42,	h:12.2487,	p:-0.143324,	r:0
[2025-10-28 21:41:27.653] [NetDataInstance.cpp:360][Send] --------------------------------------------------------
[2025-10-28 21:41:27.653] [NetDataInstance.cpp:369][Send] x:377689,	y:-660672,	z:2387.31,	h:190.011,	p:0,	r:0
[2025-10-28 21:41:27.653] [NetDataInstance.cpp:377][Send] x:378138,	y:-663131,	z:2387.31,	h:190.333,	p:0,	r:0
[2025-10-28 21:41:27.653] [NetDataInstance.cpp:385][Send] x:378600,	y:-665588,	z:2387.31,	h:190.653,	p:0,	r:0
[2025-10-28 21:41:27.653] [NetDataInstance.cpp:393][Send] x:379076,	y:-668042,	z:2387.31,	h:190.972,	p:5.46272e-05,	r:0
[2025-10-28 21:41:27.653] [NetDataInstance.cpp:401][Send] x:379566,	y:-670494,	z:2387.32,	h:191.29,	p:-0.00187225,	r:0
[2025-10-28 21:41:27.653] [NetDataInstance.cpp:409][Send] x:380069,	y:-672943,	z:2387.15,	h:191.608,	p:0.00212167,	r:0
[2025-10-28 21:41:27.653] [NetDataInstance.cpp:417][Send] x:380585,	y:-675389,	z:2387.42,	h:191.928,	p:0.072723,	r:0
[2025-10-28 21:41:27.654] [NetDataInstance.cpp:425][Send] x:380585,	y:-675389,	z:2387.42,	h:12.2487,	p:-0.143324,	r:0
[2025-10-28 21:41:27.669] [NetDataInstance.cpp:360][Send] --------------------------------------------------------
[2025-10-28 21:41:27.669] [NetDataInstance.cpp:369][Send] x:377689,	y:-660672,	z:2387.31,	h:190.011,	p:0,	r:0
[2025-10-28 21:41:27.669] [NetDataInstance.cpp:377][Send] x:378138,	y:-663131,	z:2387.31,	h:190.333,	p:0,	r:0
[2025-10-28 21:41:27.669] [NetDataInstance.cpp:385][Send] x:378600,	y:-665588,	z:2387.31,	h:190.653,	p:0,	r:0
[2025-10-28 21:41:27.669] [NetDataInstance.cpp:393][Send] x:379076,	y:-668042,	z:2387.31,	h:190.972,	p:5.46272e-05,	r:0
[2025-10-28 21:41:27.669] [NetDataInstance.cpp:401][Send] x:379566,	y:-670494,	z:2387.32,	h:191.29,	p:-0.00187225,	r:0
[2025-10-28 21:41:27.669] [NetDataInstance.cpp:409][Send] x:380069,	y:-672943,	z:2387.15,	h:191.608,	p:0.00212167,	r:0
[2025-10-28 21:41:27.670] [NetDataInstance.cpp:417][Send] x:380585,	y:-675389,	z:2387.42,	h:191.928,	p:0.072723,	r:0
[2025-10-28 21:41:27.670] [NetDataInstance.cpp:425][Send] x:380585,	y:-675389,	z:2387.42,	h:12.2487,	p:-0.143324,	r:0
[2025-10-28 21:41:27.685] [NetDataInstance.cpp:360][Send] --------------------------------------------------------
[2025-10-28 21:41:27.685] [NetDataInstance.cpp:369][Send] x:377689,	y:-660672,	z:2387.31,	h:190.011,	p:0,	r:0
[2025-10-28 21:41:27.685] [NetDataInstance.cpp:377][Send] x:378138,	y:-663131,	z:2387.31,	h:190.333,	p:0,	r:0
[2025-10-28 21:41:27.685] [NetDataInstance.cpp:385][Send] x:378600,	y:-665588,	z:2387.31,	h:190.653,	p:0,	r:0
[2025-10-28 21:41:27.685] [NetDataInstance.cpp:393][Send] x:379076,	y:-668042,	z:2387.31,	h:190.972,	p:5.46272e-05,	r:0
[2025-10-28 21:41:27.685] [NetDataInstance.cpp:401][Send] x:379566,	y:-670494,	z:2387.32,	h:191.29,	p:-0.00187225,	r:0
[2025-10-28 21:41:27.685] [NetDataInstance.cpp:409][Send] x:380069,	y:-672943,	z:2387.15,	h:191.608,	p:0.00212167,	r:0
[2025-10-28 21:41:27.685] [NetDataInstance.cpp:417][Send] x:380585,	y:-675389,	z:2387.42,	h:191.928,	p:0.072723,	r:0
[2025-10-28 21:41:27.686] [NetDataInstance.cpp:425][Send] x:380585,	y:-675389,	z:2387.42,	h:12.2487,	p:-0.143324,	r:0
[2025-10-28 21:41:27.701] [NetDataInstance.cpp:360][Send] --------------------------------------------------------
[2025-10-28 21:41:27.701] [NetDataInstance.cpp:369][Send] x:377689,	y:-660672,	z:2387.31,	h:190.011,	p:0,	r:0
[2025-10-28 21:41:27.701] [NetDataInstance.cpp:377][Send] x:378138,	y:-663131,	z:2387.31,	h:190.333,	p:0,	r:0
[2025-10-28 21:41:27.701] [NetDataInstance.cpp:385][Send] x:378600,	y:-665588,	z:2387.31,	h:190.653,	p:0,	r:0
[2025-10-28 21:41:27.701] [NetDataInstance.cpp:393][Send] x:379076,	y:-668042,	z:2387.31,	h:190.972,	p:5.46272e-05,	r:0
[2025-10-28 21:41:27.701] [NetDataInstance.cpp:401][Send] x:379566,	y:-670494,	z:2387.32,	h:191.29,	p:-0.00187225,	r:0
[2025-10-28 21:41:27.701] [NetDataInstance.cpp:409][Send] x:380069,	y:-672943,	z:2387.15,	h:191.608,	p:0.00212167,	r:0
[2025-10-28 21:41:27.701] [NetDataInstance.cpp:417][Send] x:380585,	y:-675389,	z:2387.42,	h:191.928,	p:0.072723,	r:0
[2025-10-28 21:41:27.701] [NetDataInstance.cpp:425][Send] x:380585,	y:-675389,	z:2387.42,	h:12.2487,	p:-0.143324,	r:0
[2025-10-28 21:41:27.717] [NetDataInstance.cpp:360][Send] --------------------------------------------------------
[2025-10-28 21:41:27.717] [NetDataInstance.cpp:369][Send] x:377689,	y:-660672,	z:2387.31,	h:190.011,	p:0,	r:0
[2025-10-28 21:41:27.717] [NetDataInstance.cpp:377][Send] x:378138,	y:-663131,	z:2387.31,	h:190.333,	p:0,	r:0
[2025-10-28 21:41:27.717] [NetDataInstance.cpp:385][Send] x:378600,	y:-665588,	z:2387.31,	h:190.653,	p:0,	r:0
[2025-10-28 21:41:27.717] [NetDataInstance.cpp:393][Send] x:379076,	y:-668042,	z:2387.31,	h:190.972,	p:5.46272e-05,	r:0
[2025-10-28 21:41:27.717] [NetDataInstance.cpp:401][Send] x:379566,	y:-670494,	z:2387.32,	h:191.29,	p:-0.00187225,	r:0
[2025-10-28 21:41:27.717] [NetDataInstance.cpp:409][Send] x:380069,	y:-672943,	z:2387.15,	h:191.608,	p:0.00212167,	r:0
[2025-10-28 21:41:27.718] [NetDataInstance.cpp:417][Send] x:380585,	y:-675389,	z:2387.42,	h:191.928,	p:0.072723,	r:0
[2025-10-28 21:41:27.718] [NetDataInstance.cpp:425][Send] x:380585,	y:-675389,	z:2387.42,	h:12.2487,	p:-0.143324,	r:0
[2025-10-28 21:41:27.732] [NetDataInstance.cpp:360][Send] --------------------------------------------------------
[2025-10-28 21:41:27.732] [NetDataInstance.cpp:369][Send] x:377689,	y:-660672,	z:2387.31,	h:190.011,	p:0,	r:0
[2025-10-28 21:41:27.733] [NetDataInstance.cpp:377][Send] x:378138,	y:-663131,	z:2387.31,	h:190.333,	p:0,	r:0
[2025-10-28 21:41:27.733] [NetDataInstance.cpp:385][Send] x:378600,	y:-665588,	z:2387.31,	h:190.653,	p:0,	r:0
[2025-10-28 21:41:27.733] [NetDataInstance.cpp:393][Send] x:379076,	y:-668042,	z:2387.31,	h:190.972,	p:5.46272e-05,	r:0
[2025-10-28 21:41:27.733] [NetDataInstance.cpp:401][Send] x:379566,	y:-670494,	z:2387.32,	h:191.29,	p:-0.00187225,	r:0
[2025-10-28 21:41:27.733] [NetDataInstance.cpp:409][Send] x:380069,	y:-672943,	z:2387.15,	h:191.608,	p:0.00212167,	r:0
[2025-10-28 21:41:27.733] [NetDataInstance.cpp:417][Send] x:380585,	y:-675389,	z:2387.42,	h:191.928,	p:0.072723,	r:0
[2025-10-28 21:41:27.733] [NetDataInstance.cpp:425][Send] x:380585,	y:-675389,	z:2387.42,	h:12.2487,	p:-0.143324,	r:0
[2025-10-28 21:41:27.748] [NetDataInstance.cpp:360][Send] --------------------------------------------------------
[2025-10-28 21:41:27.748] [NetDataInstance.cpp:369][Send] x:377689,	y:-660672,	z:2387.31,	h:190.011,	p:0,	r:0
[2025-10-28 21:41:27.748] [NetDataInstance.cpp:377][Send] x:378138,	y:-663131,	z:2387.31,	h:190.333,	p:0,	r:0
[2025-10-28 21:41:27.748] [NetDataInstance.cpp:385][Send] x:378600,	y:-665588,	z:2387.31,	h:190.653,	p:0,	r:0
[2025-10-28 21:41:27.748] [NetDataInstance.cpp:393][Send] x:379076,	y:-668042,	z:2387.31,	h:190.972,	p:5.46272e-05,	r:0
[2025-10-28 21:41:27.748] [NetDataInstance.cpp:401][Send] x:379566,	y:-670494,	z:2387.32,	h:191.29,	p:-0.00187225,	r:0
[2025-10-28 21:41:27.748] [NetDataInstance.cpp:409][Send] x:380069,	y:-672943,	z:2387.15,	h:191.608,	p:0.00212167,	r:0
[2025-10-28 21:41:27.748] [NetDataInstance.cpp:417][Send] x:380585,	y:-675389,	z:2387.42,	h:191.928,	p:0.072723,	r:0
[2025-10-28 21:41:27.749] [NetDataInstance.cpp:425][Send] x:380585,	y:-675389,	z:2387.42,	h:12.2487,	p:-0.143324,	r:0
[2025-10-28 21:41:27.763] [NetDataInstance.cpp:360][Send] --------------------------------------------------------
[2025-10-28 21:41:27.763] [NetDataInstance.cpp:369][Send] x:377689,	y:-660672,	z:2387.31,	h:190.011,	p:0,	r:0
[2025-10-28 21:41:27.763] [NetDataInstance.cpp:377][Send] x:378138,	y:-663131,	z:2387.31,	h:190.333,	p:0,	r:0
[2025-10-28 21:41:27.764] [NetDataInstance.cpp:385][Send] x:378600,	y:-665588,	z:2387.31,	h:190.653,	p:0,	r:0
[2025-10-28 21:41:27.764] [NetDataInstance.cpp:393][Send] x:379076,	y:-668042,	z:2387.31,	h:190.972,	p:5.46272e-05,	r:0
[2025-10-28 21:41:27.764] [NetDataInstance.cpp:401][Send] x:379566,	y:-670494,	z:2387.32,	h:191.29,	p:-0.00187225,	r:0
[2025-10-28 21:41:27.764] [NetDataInstance.cpp:409][Send] x:380069,	y:-672943,	z:2387.15,	h:191.608,	p:0.00212167,	r:0
[2025-10-28 21:41:27.764] [NetDataInstance.cpp:417][Send] x:380585,	y:-675389,	z:2387.42,	h:191.928,	p:0.072723,	r:0
[2025-10-28 21:41:27.764] [NetDataInstance.cpp:425][Send] x:380585,	y:-675389,	z:2387.42,	h:12.2487,	p:-0.143324,	r:0
[2025-10-28 21:41:27.778] [NetDataInstance.cpp:360][Send] --------------------------------------------------------
[2025-10-28 21:41:27.778] [NetDataInstance.cpp:369][Send] x:377689,	y:-660672,	z:2387.31,	h:190.011,	p:0,	r:0
[2025-10-28 21:41:27.778] [NetDataInstance.cpp:377][Send] x:378138,	y:-663131,	z:2387.31,	h:190.333,	p:0,	r:0
[2025-10-28 21:41:27.779] [NetDataInstance.cpp:385][Send] x:378600,	y:-665588,	z:2387.31,	h:190.653,	p:0,	r:0
[2025-10-28 21:41:27.779] [NetDataInstance.cpp:393][Send] x:379076,	y:-668042,	z:2387.31,	h:190.972,	p:5.46272e-05,	r:0
[2025-10-28 21:41:27.779] [NetDataInstance.cpp:401][Send] x:379566,	y:-670494,	z:2387.32,	h:191.29,	p:-0.00187225,	r:0
[2025-10-28 21:41:27.779] [NetDataInstance.cpp:409][Send] x:380069,	y:-672943,	z:2387.15,	h:191.608,	p:0.00212167,	r:0
[2025-10-28 21:41:27.779] [NetDataInstance.cpp:417][Send] x:380585,	y:-675389,	z:2387.42,	h:191.928,	p:0.072723,	r:0
[2025-10-28 21:41:27.779] [NetDataInstance.cpp:425][Send] x:380585,	y:-675389,	z:2387.42,	h:12.2487,	p:-0.143324,	r:0
[2025-10-28 21:41:27.809] [NetDataInstance.cpp:360][Send] --------------------------------------------------------
[2025-10-28 21:41:27.809] [NetDataInstance.cpp:369][Send] x:377689,	y:-660672,	z:2387.31,	h:190.011,	p:0,	r:0
[2025-10-28 21:41:27.809] [NetDataInstance.cpp:377][Send] x:378138,	y:-663131,	z:2387.31,	h:190.333,	p:0,	r:0
[2025-10-28 21:41:27.809] [NetDataInstance.cpp:385][Send] x:378600,	y:-665588,	z:2387.31,	h:190.653,	p:0,	r:0
[2025-10-28 21:41:27.809] [NetDataInstance.cpp:393][Send] x:379076,	y:-668042,	z:2387.31,	h:190.972,	p:5.46272e-05,	r:0
[2025-10-28 21:41:27.809] [NetDataInstance.cpp:401][Send] x:379566,	y:-670494,	z:2387.32,	h:191.29,	p:-0.00187225,	r:0
[2025-10-28 21:41:27.809] [NetDataInstance.cpp:409][Send] x:380069,	y:-672943,	z:2387.15,	h:191.608,	p:0.00212167,	r:0
[2025-10-28 21:41:27.809] [NetDataInstance.cpp:417][Send] x:380585,	y:-675389,	z:2387.42,	h:191.928,	p:0.072723,	r:0
[2025-10-28 21:41:27.809] [NetDataInstance.cpp:425][Send] x:380585,	y:-675389,	z:2387.42,	h:12.2487,	p:-0.143324,	r:0
[2025-10-28 21:41:27.824] [NetDataInstance.cpp:360][Send] --------------------------------------------------------
[2025-10-28 21:41:27.824] [NetDataInstance.cpp:369][Send] x:377689,	y:-660672,	z:2387.31,	h:190.011,	p:0,	r:0
[2025-10-28 21:41:27.824] [NetDataInstance.cpp:377][Send] x:378138,	y:-663131,	z:2387.31,	h:190.333,	p:0,	r:0
[2025-10-28 21:41:27.824] [NetDataInstance.cpp:385][Send] x:378600,	y:-665588,	z:2387.31,	h:190.653,	p:0,	r:0
[2025-10-28 21:41:27.824] [NetDataInstance.cpp:393][Send] x:379076,	y:-668042,	z:2387.31,	h:190.972,	p:5.46272e-05,	r:0
[2025-10-28 21:41:27.824] [NetDataInstance.cpp:401][Send] x:379566,	y:-670494,	z:2387.32,	h:191.29,	p:-0.00187225,	r:0
[2025-10-28 21:41:27.825] [NetDataInstance.cpp:409][Send] x:380069,	y:-672943,	z:2387.15,	h:191.608,	p:0.00212167,	r:0
[2025-10-28 21:41:27.825] [NetDataInstance.cpp:417][Send] x:380585,	y:-675389,	z:2387.42,	h:191.928,	p:0.072723,	r:0
[2025-10-28 21:41:27.825] [NetDataInstance.cpp:425][Send] x:380585,	y:-675389,	z:2387.42,	h:12.2487,	p:-0.143324,	r:0
[2025-10-28 21:41:27.840] [NetDataInstance.cpp:360][Send] --------------------------------------------------------
[2025-10-28 21:41:27.840] [NetDataInstance.cpp:369][Send] x:377689,	y:-660672,	z:2387.31,	h:190.011,	p:0,	r:0
[2025-10-28 21:41:27.840] [NetDataInstance.cpp:377][Send] x:378138,	y:-663131,	z:2387.31,	h:190.333,	p:0,	r:0
[2025-10-28 21:41:27.840] [NetDataInstance.cpp:385][Send] x:378600,	y:-665588,	z:2387.31,	h:190.653,	p:0,	r:0
[2025-10-28 21:41:27.840] [NetDataInstance.cpp:393][Send] x:379076,	y:-668042,	z:2387.31,	h:190.972,	p:5.46272e-05,	r:0
[2025-10-28 21:41:27.840] [NetDataInstance.cpp:401][Send] x:379566,	y:-670494,	z:2387.32,	h:191.29,	p:-0.00187225,	r:0
[2025-10-28 21:41:27.840] [NetDataInstance.cpp:409][Send] x:380069,	y:-672943,	z:2387.15,	h:191.608,	p:0.00212167,	r:0
[2025-10-28 21:41:27.841] [NetDataInstance.cpp:417][Send] x:380585,	y:-675389,	z:2387.42,	h:191.928,	p:0.072723,	r:0
[2025-10-28 21:41:27.841] [NetDataInstance.cpp:425][Send] x:380585,	y:-675389,	z:2387.42,	h:12.2487,	p:-0.143324,	r:0
[2025-10-28 21:41:27.856] [NetDataInstance.cpp:360][Send] --------------------------------------------------------
[2025-10-28 21:41:27.856] [NetDataInstance.cpp:369][Send] x:377689,	y:-660672,	z:2387.31,	h:190.011,	p:0,	r:0
[2025-10-28 21:41:27.856] [NetDataInstance.cpp:377][Send] x:378138,	y:-663131,	z:2387.31,	h:190.333,	p:0,	r:0
[2025-10-28 21:41:27.856] [NetDataInstance.cpp:385][Send] x:378600,	y:-665588,	z:2387.31,	h:190.653,	p:0,	r:0
[2025-10-28 21:41:27.856] [NetDataInstance.cpp:393][Send] x:379076,	y:-668042,	z:2387.31,	h:190.972,	p:5.46272e-05,	r:0
[2025-10-28 21:41:27.856] [NetDataInstance.cpp:401][Send] x:379566,	y:-670494,	z:2387.32,	h:191.29,	p:-0.00187225,	r:0
[2025-10-28 21:41:27.856] [NetDataInstance.cpp:409][Send] x:380069,	y:-672943,	z:2387.15,	h:191.608,	p:0.00212167,	r:0
[2025-10-28 21:41:27.856] [NetDataInstance.cpp:417][Send] x:380585,	y:-675389,	z:2387.42,	h:191.928,	p:0.072723,	r:0
[2025-10-28 21:41:27.857] [NetDataInstance.cpp:425][Send] x:380585,	y:-675389,	z:2387.42,	h:12.2487,	p:-0.143324,	r:0
[2025-10-28 21:41:27.872] [NetDataInstance.cpp:360][Send] --------------------------------------------------------
[2025-10-28 21:41:27.872] [NetDataInstance.cpp:369][Send] x:377689,	y:-660672,	z:2387.31,	h:190.011,	p:0,	r:0
[2025-10-28 21:41:27.872] [NetDataInstance.cpp:377][Send] x:378138,	y:-663131,	z:2387.31,	h:190.333,	p:0,	r:0
[2025-10-28 21:41:27.872] [NetDataInstance.cpp:385][Send] x:378600,	y:-665588,	z:2387.31,	h:190.653,	p:0,	r:0
[2025-10-28 21:41:27.872] [NetDataInstance.cpp:393][Send] x:379076,	y:-668042,	z:2387.31,	h:190.972,	p:5.46272e-05,	r:0
[2025-10-28 21:41:27.873] [NetDataInstance.cpp:401][Send] x:379566,	y:-670494,	z:2387.32,	h:191.29,	p:-0.00187225,	r:0
[2025-10-28 21:41:27.873] [NetDataInstance.cpp:409][Send] x:380069,	y:-672943,	z:2387.15,	h:191.608,	p:0.00212167,	r:0
[2025-10-28 21:41:27.873] [NetDataInstance.cpp:417][Send] x:380585,	y:-675389,	z:2387.42,	h:191.928,	p:0.072723,	r:0
[2025-10-28 21:41:27.873] [NetDataInstance.cpp:425][Send] x:380585,	y:-675389,	z:2387.42,	h:12.2487,	p:-0.143324,	r:0
[2025-10-28 21:41:27.887] [NetDataInstance.cpp:360][Send] --------------------------------------------------------
[2025-10-28 21:41:27.888] [NetDataInstance.cpp:369][Send] x:377689,	y:-660672,	z:2387.31,	h:190.011,	p:0,	r:0
[2025-10-28 21:41:27.888] [NetDataInstance.cpp:377][Send] x:378138,	y:-663131,	z:2387.31,	h:190.333,	p:0,	r:0
[2025-10-28 21:41:27.888] [NetDataInstance.cpp:385][Send] x:378600,	y:-665588,	z:2387.31,	h:190.653,	p:0,	r:0
[2025-10-28 21:41:27.888] [NetDataInstance.cpp:393][Send] x:379076,	y:-668042,	z:2387.31,	h:190.972,	p:5.46272e-05,	r:0
[2025-10-28 21:41:27.888] [NetDataInstance.cpp:401][Send] x:379566,	y:-670494,	z:2387.32,	h:191.29,	p:-0.00187225,	r:0
[2025-10-28 21:41:27.888] [NetDataInstance.cpp:409][Send] x:380069,	y:-672943,	z:2387.15,	h:191.608,	p:0.00212167,	r:0
[2025-10-28 21:41:27.888] [NetDataInstance.cpp:417][Send] x:380585,	y:-675389,	z:2387.42,	h:191.928,	p:0.072723,	r:0
[2025-10-28 21:41:27.888] [NetDataInstance.cpp:425][Send] x:380585,	y:-675389,	z:2387.42,	h:12.2487,	p:-0.143324,	r:0
[2025-10-28 21:41:27.903] [NetDataInstance.cpp:360][Send] --------------------------------------------------------
[2025-10-28 21:41:27.903] [NetDataInstance.cpp:369][Send] x:377689,	y:-660672,	z:2387.31,	h:190.011,	p:0,	r:0
[2025-10-28 21:41:27.903] [NetDataInstance.cpp:377][Send] x:378138,	y:-663131,	z:2387.31,	h:190.333,	p:0,	r:0
[2025-10-28 21:41:27.903] [NetDataInstance.cpp:385][Send] x:378600,	y:-665588,	z:2387.31,	h:190.653,	p:0,	r:0
[2025-10-28 21:41:27.903] [NetDataInstance.cpp:393][Send] x:379076,	y:-668042,	z:2387.31,	h:190.972,	p:5.46272e-05,	r:0
[2025-10-28 21:41:27.903] [NetDataInstance.cpp:401][Send] x:379566,	y:-670494,	z:2387.32,	h:191.29,	p:-0.00187225,	r:0
[2025-10-28 21:41:27.903] [NetDataInstance.cpp:409][Send] x:380069,	y:-672943,	z:2387.15,	h:191.608,	p:0.00212167,	r:0
[2025-10-28 21:41:27.903] [NetDataInstance.cpp:417][Send] x:380585,	y:-675389,	z:2387.42,	h:191.928,	p:0.072723,	r:0
[2025-10-28 21:41:27.903] [NetDataInstance.cpp:425][Send] x:380585,	y:-675389,	z:2387.42,	h:12.2487,	p:-0.143324,	r:0
[2025-10-28 21:41:27.919] [NetDataInstance.cpp:360][Send] --------------------------------------------------------
[2025-10-28 21:41:27.919] [NetDataInstance.cpp:369][Send] x:377689,	y:-660672,	z:2387.31,	h:190.011,	p:0,	r:0
[2025-10-28 21:41:27.919] [NetDataInstance.cpp:377][Send] x:378138,	y:-663131,	z:2387.31,	h:190.333,	p:0,	r:0
[2025-10-28 21:41:27.919] [NetDataInstance.cpp:385][Send] x:378600,	y:-665588,	z:2387.31,	h:190.653,	p:0,	r:0
[2025-10-28 21:41:27.919] [NetDataInstance.cpp:393][Send] x:379076,	y:-668042,	z:2387.31,	h:190.972,	p:5.46272e-05,	r:0
[2025-10-28 21:41:27.919] [NetDataInstance.cpp:401][Send] x:379566,	y:-670494,	z:2387.32,	h:191.29,	p:-0.00187225,	r:0
[2025-10-28 21:41:27.919] [NetDataInstance.cpp:409][Send] x:380069,	y:-672943,	z:2387.15,	h:191.608,	p:0.00212167,	r:0
[2025-10-28 21:41:27.919] [NetDataInstance.cpp:417][Send] x:380585,	y:-675389,	z:2387.42,	h:191.928,	p:0.072723,	r:0
[2025-10-28 21:41:27.919] [NetDataInstance.cpp:425][Send] x:380585,	y:-675389,	z:2387.42,	h:12.2487,	p:-0.143324,	r:0
[2025-10-28 21:41:27.934] [NetDataInstance.cpp:360][Send] --------------------------------------------------------
[2025-10-28 21:41:27.934] [NetDataInstance.cpp:369][Send] x:377689,	y:-660672,	z:2387.31,	h:190.011,	p:0,	r:0
[2025-10-28 21:41:27.934] [NetDataInstance.cpp:377][Send] x:378138,	y:-663131,	z:2387.31,	h:190.333,	p:0,	r:0
[2025-10-28 21:41:27.934] [NetDataInstance.cpp:385][Send] x:378600,	y:-665588,	z:2387.31,	h:190.653,	p:0,	r:0
[2025-10-28 21:41:27.934] [NetDataInstance.cpp:393][Send] x:379076,	y:-668042,	z:2387.31,	h:190.972,	p:5.46272e-05,	r:0
[2025-10-28 21:41:27.934] [NetDataInstance.cpp:401][Send] x:379566,	y:-670494,	z:2387.32,	h:191.29,	p:-0.00187225,	r:0
[2025-10-28 21:41:27.934] [NetDataInstance.cpp:409][Send] x:380069,	y:-672943,	z:2387.15,	h:191.608,	p:0.00212167,	r:0
[2025-10-28 21:41:27.935] [NetDataInstance.cpp:417][Send] x:380585,	y:-675389,	z:2387.42,	h:191.928,	p:0.072723,	r:0
[2025-10-28 21:41:27.935] [NetDataInstance.cpp:425][Send] x:380585,	y:-675389,	z:2387.42,	h:12.2487,	p:-0.143324,	r:0
[2025-10-28 21:41:27.949] [NetDataInstance.cpp:360][Send] --------------------------------------------------------
[2025-10-28 21:41:27.949] [NetDataInstance.cpp:369][Send] x:377689,	y:-660672,	z:2387.31,	h:190.011,	p:0,	r:0
[2025-10-28 21:41:27.949] [NetDataInstance.cpp:377][Send] x:378138,	y:-663131,	z:2387.31,	h:190.333,	p:0,	r:0
[2025-10-28 21:41:27.949] [NetDataInstance.cpp:385][Send] x:378600,	y:-665588,	z:2387.31,	h:190.653,	p:0,	r:0
[2025-10-28 21:41:27.949] [NetDataInstance.cpp:393][Send] x:379076,	y:-668042,	z:2387.31,	h:190.972,	p:5.46272e-05,	r:0
[2025-10-28 21:41:27.950] [NetDataInstance.cpp:401][Send] x:379566,	y:-670494,	z:2387.32,	h:191.29,	p:-0.00187225,	r:0
[2025-10-28 21:41:27.950] [NetDataInstance.cpp:409][Send] x:380069,	y:-672943,	z:2387.15,	h:191.608,	p:0.00212167,	r:0
[2025-10-28 21:41:27.950] [NetDataInstance.cpp:417][Send] x:380585,	y:-675389,	z:2387.42,	h:191.928,	p:0.072723,	r:0
[2025-10-28 21:41:27.950] [NetDataInstance.cpp:425][Send] x:380585,	y:-675389,	z:2387.42,	h:12.2487,	p:-0.143324,	r:0
[2025-10-28 21:41:27.965] [NetDataInstance.cpp:360][Send] --------------------------------------------------------
[2025-10-28 21:41:27.965] [NetDataInstance.cpp:369][Send] x:377689,	y:-660672,	z:2387.31,	h:190.011,	p:0,	r:0
[2025-10-28 21:41:27.965] [NetDataInstance.cpp:377][Send] x:378138,	y:-663131,	z:2387.31,	h:190.333,	p:0,	r:0
[2025-10-28 21:41:27.965] [NetDataInstance.cpp:385][Send] x:378600,	y:-665588,	z:2387.31,	h:190.653,	p:0,	r:0
[2025-10-28 21:41:27.965] [NetDataInstance.cpp:393][Send] x:379076,	y:-668042,	z:2387.31,	h:190.972,	p:5.46272e-05,	r:0
[2025-10-28 21:41:27.965] [NetDataInstance.cpp:401][Send] x:379566,	y:-670494,	z:2387.32,	h:191.29,	p:-0.00187225,	r:0
[2025-10-28 21:41:27.965] [NetDataInstance.cpp:409][Send] x:380069,	y:-672943,	z:2387.15,	h:191.608,	p:0.00212167,	r:0
[2025-10-28 21:41:27.965] [NetDataInstance.cpp:417][Send] x:380585,	y:-675389,	z:2387.42,	h:191.928,	p:0.072723,	r:0
[2025-10-28 21:41:27.965] [NetDataInstance.cpp:425][Send] x:380585,	y:-675389,	z:2387.42,	h:12.2487,	p:-0.143324,	r:0
[2025-10-28 21:41:27.996] [NetDataInstance.cpp:360][Send] --------------------------------------------------------
[2025-10-28 21:41:27.996] [NetDataInstance.cpp:369][Send] x:377689,	y:-660672,	z:2387.31,	h:190.011,	p:0,	r:0
[2025-10-28 21:41:27.996] [NetDataInstance.cpp:377][Send] x:378138,	y:-663131,	z:2387.31,	h:190.333,	p:0,	r:0
[2025-10-28 21:41:27.996] [NetDataInstance.cpp:385][Send] x:378600,	y:-665588,	z:2387.31,	h:190.653,	p:0,	r:0
[2025-10-28 21:41:27.996] [NetDataInstance.cpp:393][Send] x:379076,	y:-668042,	z:2387.31,	h:190.972,	p:5.46272e-05,	r:0
[2025-10-28 21:41:27.996] [NetDataInstance.cpp:401][Send] x:379566,	y:-670494,	z:2387.32,	h:191.29,	p:-0.00187225,	r:0
[2025-10-28 21:41:27.996] [NetDataInstance.cpp:409][Send] x:380069,	y:-672943,	z:2387.15,	h:191.608,	p:0.00212167,	r:0
[2025-10-28 21:41:27.997] [NetDataInstance.cpp:417][Send] x:380585,	y:-675389,	z:2387.42,	h:191.928,	p:0.072723,	r:0
[2025-10-28 21:41:27.997] [NetDataInstance.cpp:425][Send] x:380585,	y:-675389,	z:2387.42,	h:12.2487,	p:-0.143324,	r:0
[2025-10-28 21:41:28.012] [NetDataInstance.cpp:360][Send] --------------------------------------------------------
[2025-10-28 21:41:28.012] [NetDataInstance.cpp:369][Send] x:377689,	y:-660672,	z:2387.31,	h:190.011,	p:0,	r:0
[2025-10-28 21:41:28.012] [NetDataInstance.cpp:377][Send] x:378138,	y:-663131,	z:2387.31,	h:190.333,	p:0,	r:0
[2025-10-28 21:41:28.012] [NetDataInstance.cpp:385][Send] x:378600,	y:-665588,	z:2387.31,	h:190.653,	p:0,	r:0
[2025-10-28 21:41:28.012] [NetDataInstance.cpp:393][Send] x:379076,	y:-668042,	z:2387.31,	h:190.972,	p:5.46272e-05,	r:0
[2025-10-28 21:41:28.012] [NetDataInstance.cpp:401][Send] x:379566,	y:-670494,	z:2387.32,	h:191.29,	p:-0.00187225,	r:0
[2025-10-28 21:41:28.012] [NetDataInstance.cpp:409][Send] x:380069,	y:-672943,	z:2387.15,	h:191.608,	p:0.00212167,	r:0
[2025-10-28 21:41:28.012] [NetDataInstance.cpp:417][Send] x:380585,	y:-675389,	z:2387.42,	h:191.928,	p:0.072723,	r:0
[2025-10-28 21:41:28.012] [NetDataInstance.cpp:425][Send] x:380585,	y:-675389,	z:2387.42,	h:12.2487,	p:-0.143324,	r:0
[2025-10-28 21:41:28.029] [NetDataInstance.cpp:360][Send] --------------------------------------------------------
[2025-10-28 21:41:28.029] [NetDataInstance.cpp:369][Send] x:377689,	y:-660672,	z:2387.31,	h:190.011,	p:0,	r:0
[2025-10-28 21:41:28.030] [NetDataInstance.cpp:377][Send] x:378138,	y:-663131,	z:2387.31,	h:190.333,	p:0,	r:0
[2025-10-28 21:41:28.030] [NetDataInstance.cpp:385][Send] x:378600,	y:-665588,	z:2387.31,	h:190.653,	p:0,	r:0
[2025-10-28 21:41:28.030] [NetDataInstance.cpp:393][Send] x:379076,	y:-668042,	z:2387.31,	h:190.972,	p:5.46272e-05,	r:0
[2025-10-28 21:41:28.031] [NetDataInstance.cpp:401][Send] x:379566,	y:-670494,	z:2387.32,	h:191.29,	p:-0.00187225,	r:0
[2025-10-28 21:41:28.031] [NetDataInstance.cpp:409][Send] x:380069,	y:-672943,	z:2387.15,	h:191.608,	p:0.00212167,	r:0
[2025-10-28 21:41:28.032] [NetDataInstance.cpp:417][Send] x:380585,	y:-675389,	z:2387.42,	h:191.928,	p:0.072723,	r:0
[2025-10-28 21:41:28.032] [NetDataInstance.cpp:425][Send] x:380585,	y:-675389,	z:2387.42,	h:12.2487,	p:-0.143324,	r:0
[2025-10-28 21:41:28.038] [NetDataInstance.cpp:360][Send] --------------------------------------------------------
[2025-10-28 21:41:28.039] [NetDataInstance.cpp:369][Send] x:377689,	y:-660672,	z:2387.31,	h:190.011,	p:0,	r:0
[2025-10-28 21:41:28.039] [NetDataInstance.cpp:377][Send] x:378138,	y:-663131,	z:2387.31,	h:190.333,	p:0,	r:0
[2025-10-28 21:41:28.039] [NetDataInstance.cpp:385][Send] x:378600,	y:-665588,	z:2387.31,	h:190.653,	p:0,	r:0
[2025-10-28 21:41:28.039] [NetDataInstance.cpp:393][Send] x:379076,	y:-668042,	z:2387.31,	h:190.972,	p:5.46272e-05,	r:0
[2025-10-28 21:41:28.039] [NetDataInstance.cpp:401][Send] x:379566,	y:-670494,	z:2387.32,	h:191.29,	p:-0.00187225,	r:0
[2025-10-28 21:41:28.039] [NetDataInstance.cpp:409][Send] x:380069,	y:-672943,	z:2387.15,	h:191.608,	p:0.00212167,	r:0
[2025-10-28 21:41:28.039] [NetDataInstance.cpp:417][Send] x:380585,	y:-675389,	z:2387.42,	h:191.928,	p:0.072723,	r:0
[2025-10-28 21:41:28.039] [NetDataInstance.cpp:425][Send] x:380585,	y:-675389,	z:2387.42,	h:12.2487,	p:-0.143324,	r:0
[2025-10-28 21:41:28.058] [NetDataInstance.cpp:360][Send] --------------------------------------------------------
[2025-10-28 21:41:28.058] [NetDataInstance.cpp:369][Send] x:377689,	y:-660672,	z:2387.31,	h:190.011,	p:0,	r:0
[2025-10-28 21:41:28.058] [NetDataInstance.cpp:377][Send] x:378138,	y:-663131,	z:2387.31,	h:190.333,	p:0,	r:0
[2025-10-28 21:41:28.058] [NetDataInstance.cpp:385][Send] x:378600,	y:-665588,	z:2387.31,	h:190.653,	p:0,	r:0
[2025-10-28 21:41:28.058] [NetDataInstance.cpp:393][Send] x:379076,	y:-668042,	z:2387.31,	h:190.972,	p:5.46272e-05,	r:0
[2025-10-28 21:41:28.058] [NetDataInstance.cpp:401][Send] x:379566,	y:-670494,	z:2387.32,	h:191.29,	p:-0.00187225,	r:0
[2025-10-28 21:41:28.058] [NetDataInstance.cpp:409][Send] x:380069,	y:-672943,	z:2387.15,	h:191.608,	p:0.00212167,	r:0
[2025-10-28 21:41:28.058] [NetDataInstance.cpp:417][Send] x:380585,	y:-675389,	z:2387.42,	h:191.928,	p:0.072723,	r:0
[2025-10-28 21:41:28.059] [NetDataInstance.cpp:425][Send] x:380585,	y:-675389,	z:2387.42,	h:12.2487,	p:-0.143324,	r:0
[2025-10-28 21:41:28.075] [NetDataInstance.cpp:360][Send] --------------------------------------------------------
[2025-10-28 21:41:28.075] [NetDataInstance.cpp:369][Send] x:377689,	y:-660672,	z:2387.31,	h:190.011,	p:0,	r:0
[2025-10-28 21:41:28.076] [NetDataInstance.cpp:377][Send] x:378138,	y:-663131,	z:2387.31,	h:190.333,	p:0,	r:0
[2025-10-28 21:41:28.076] [NetDataInstance.cpp:385][Send] x:378600,	y:-665588,	z:2387.31,	h:190.653,	p:0,	r:0
[2025-10-28 21:41:28.077] [NetDataInstance.cpp:393][Send] x:379076,	y:-668042,	z:2387.31,	h:190.972,	p:5.46272e-05,	r:0
[2025-10-28 21:41:28.077] [NetDataInstance.cpp:401][Send] x:379566,	y:-670494,	z:2387.32,	h:191.29,	p:-0.00187225,	r:0
[2025-10-28 21:41:28.077] [NetDataInstance.cpp:409][Send] x:380069,	y:-672943,	z:2387.15,	h:191.608,	p:0.00212167,	r:0
[2025-10-28 21:41:28.078] [NetDataInstance.cpp:417][Send] x:380585,	y:-675389,	z:2387.42,	h:191.928,	p:0.072723,	r:0
[2025-10-28 21:41:28.079] [NetDataInstance.cpp:425][Send] x:380585,	y:-675389,	z:2387.42,	h:12.2487,	p:-0.143324,	r:0
[2025-10-28 21:41:28.086] [NetDataInstance.cpp:360][Send] --------------------------------------------------------
[2025-10-28 21:41:28.086] [NetDataInstance.cpp:369][Send] x:377689,	y:-660672,	z:2387.31,	h:190.011,	p:0,	r:0
[2025-10-28 21:41:28.086] [NetDataInstance.cpp:377][Send] x:378138,	y:-663131,	z:2387.31,	h:190.333,	p:0,	r:0
[2025-10-28 21:41:28.087] [NetDataInstance.cpp:385][Send] x:378600,	y:-665588,	z:2387.31,	h:190.653,	p:0,	r:0
[2025-10-28 21:41:28.087] [NetDataInstance.cpp:393][Send] x:379076,	y:-668042,	z:2387.31,	h:190.972,	p:5.46272e-05,	r:0
[2025-10-28 21:41:28.087] [NetDataInstance.cpp:401][Send] x:379566,	y:-670494,	z:2387.32,	h:191.29,	p:-0.00187225,	r:0
[2025-10-28 21:41:28.088] [NetDataInstance.cpp:409][Send] x:380069,	y:-672943,	z:2387.15,	h:191.608,	p:0.00212167,	r:0
[2025-10-28 21:41:28.088] [NetDataInstance.cpp:417][Send] x:380585,	y:-675389,	z:2387.42,	h:191.928,	p:0.072723,	r:0
[2025-10-28 21:41:28.088] [NetDataInstance.cpp:425][Send] x:380585,	y:-675389,	z:2387.42,	h:12.2487,	p:-0.143324,	r:0
[2025-10-28 21:41:28.107] [NetDataInstance.cpp:360][Send] --------------------------------------------------------
[2025-10-28 21:41:28.107] [NetDataInstance.cpp:369][Send] x:377689,	y:-660672,	z:2387.31,	h:190.011,	p:0,	r:0
[2025-10-28 21:41:28.107] [NetDataInstance.cpp:377][Send] x:378138,	y:-663131,	z:2387.31,	h:190.333,	p:0,	r:0
[2025-10-28 21:41:28.107] [NetDataInstance.cpp:385][Send] x:378600,	y:-665588,	z:2387.31,	h:190.653,	p:0,	r:0
[2025-10-28 21:41:28.107] [NetDataInstance.cpp:393][Send] x:379076,	y:-668042,	z:2387.31,	h:190.972,	p:5.46272e-05,	r:0
[2025-10-28 21:41:28.107] [NetDataInstance.cpp:401][Send] x:379566,	y:-670494,	z:2387.32,	h:191.29,	p:-0.00187225,	r:0
[2025-10-28 21:41:28.107] [NetDataInstance.cpp:409][Send] x:380069,	y:-672943,	z:2387.15,	h:191.608,	p:0.00212167,	r:0
[2025-10-28 21:41:28.108] [NetDataInstance.cpp:417][Send] x:380585,	y:-675389,	z:2387.42,	h:191.928,	p:0.072723,	r:0
[2025-10-28 21:41:28.108] [NetDataInstance.cpp:425][Send] x:380585,	y:-675389,	z:2387.42,	h:12.2487,	p:-0.143324,	r:0
[2025-10-28 21:41:28.119] [NetDataInstance.cpp:360][Send] --------------------------------------------------------
[2025-10-28 21:41:28.119] [NetDataInstance.cpp:369][Send] x:377689,	y:-660672,	z:2387.31,	h:190.011,	p:0,	r:0
[2025-10-28 21:41:28.119] [NetDataInstance.cpp:377][Send] x:378138,	y:-663131,	z:2387.31,	h:190.333,	p:0,	r:0
[2025-10-28 21:41:28.119] [NetDataInstance.cpp:385][Send] x:378600,	y:-665588,	z:2387.31,	h:190.653,	p:0,	r:0
[2025-10-28 21:41:28.119] [NetDataInstance.cpp:393][Send] x:379076,	y:-668042,	z:2387.31,	h:190.972,	p:5.46272e-05,	r:0
[2025-10-28 21:41:28.119] [NetDataInstance.cpp:401][Send] x:379566,	y:-670494,	z:2387.32,	h:191.29,	p:-0.00187225,	r:0
[2025-10-28 21:41:28.119] [NetDataInstance.cpp:409][Send] x:380069,	y:-672943,	z:2387.15,	h:191.608,	p:0.00212167,	r:0
[2025-10-28 21:41:28.119] [NetDataInstance.cpp:417][Send] x:380585,	y:-675389,	z:2387.42,	h:191.928,	p:0.072723,	r:0
[2025-10-28 21:41:28.120] [NetDataInstance.cpp:425][Send] x:380585,	y:-675389,	z:2387.42,	h:12.2487,	p:-0.143324,	r:0
[2025-10-28 21:41:28.150] [NetDataInstance.cpp:360][Send] --------------------------------------------------------
[2025-10-28 21:41:28.150] [NetDataInstance.cpp:369][Send] x:377689,	y:-660672,	z:2387.31,	h:190.011,	p:0,	r:0
[2025-10-28 21:41:28.150] [NetDataInstance.cpp:377][Send] x:378138,	y:-663131,	z:2387.31,	h:190.333,	p:0,	r:0
[2025-10-28 21:41:28.150] [NetDataInstance.cpp:385][Send] x:378600,	y:-665588,	z:2387.31,	h:190.653,	p:0,	r:0
[2025-10-28 21:41:28.151] [NetDataInstance.cpp:393][Send] x:379076,	y:-668042,	z:2387.31,	h:190.972,	p:5.46272e-05,	r:0
[2025-10-28 21:41:28.151] [NetDataInstance.cpp:401][Send] x:379566,	y:-670494,	z:2387.32,	h:191.29,	p:-0.00187225,	r:0
[2025-10-28 21:41:28.151] [NetDataInstance.cpp:409][Send] x:380069,	y:-672943,	z:2387.15,	h:191.608,	p:0.00212167,	r:0
[2025-10-28 21:41:28.151] [NetDataInstance.cpp:417][Send] x:380585,	y:-675389,	z:2387.42,	h:191.928,	p:0.072723,	r:0
[2025-10-28 21:41:28.151] [NetDataInstance.cpp:425][Send] x:380585,	y:-675389,	z:2387.42,	h:12.2487,	p:-0.143324,	r:0
[2025-10-28 21:41:28.152] [NetDataInstance.cpp:360][Send] --------------------------------------------------------
[2025-10-28 21:41:28.152] [NetDataInstance.cpp:369][Send] x:377689,	y:-660672,	z:2387.31,	h:190.011,	p:0,	r:0
[2025-10-28 21:41:28.152] [NetDataInstance.cpp:377][Send] x:378138,	y:-663131,	z:2387.31,	h:190.333,	p:0,	r:0
[2025-10-28 21:41:28.153] [NetDataInstance.cpp:385][Send] x:378600,	y:-665588,	z:2387.31,	h:190.653,	p:0,	r:0
[2025-10-28 21:41:28.153] [NetDataInstance.cpp:393][Send] x:379076,	y:-668042,	z:2387.31,	h:190.972,	p:5.46272e-05,	r:0
[2025-10-28 21:41:28.153] [NetDataInstance.cpp:401][Send] x:379566,	y:-670494,	z:2387.32,	h:191.29,	p:-0.00187225,	r:0
[2025-10-28 21:41:28.153] [NetDataInstance.cpp:409][Send] x:380069,	y:-672943,	z:2387.15,	h:191.608,	p:0.00212167,	r:0
[2025-10-28 21:41:28.153] [NetDataInstance.cpp:417][Send] x:380585,	y:-675389,	z:2387.42,	h:191.928,	p:0.072723,	r:0
[2025-10-28 21:41:28.153] [NetDataInstance.cpp:425][Send] x:380585,	y:-675389,	z:2387.42,	h:12.2487,	p:-0.143324,	r:0
[2025-10-28 21:41:28.181] [NetDataInstance.cpp:360][Send] --------------------------------------------------------
[2025-10-28 21:41:28.182] [NetDataInstance.cpp:369][Send] x:377689,	y:-660672,	z:2387.31,	h:190.011,	p:0,	r:0
[2025-10-28 21:41:28.182] [NetDataInstance.cpp:377][Send] x:378138,	y:-663131,	z:2387.31,	h:190.333,	p:0,	r:0
[2025-10-28 21:41:28.182] [NetDataInstance.cpp:385][Send] x:378600,	y:-665588,	z:2387.31,	h:190.653,	p:0,	r:0
[2025-10-28 21:41:28.182] [NetDataInstance.cpp:393][Send] x:379076,	y:-668042,	z:2387.31,	h:190.972,	p:5.46272e-05,	r:0
[2025-10-28 21:41:28.182] [NetDataInstance.cpp:401][Send] x:379566,	y:-670494,	z:2387.32,	h:191.29,	p:-0.00187225,	r:0
[2025-10-28 21:41:28.182] [NetDataInstance.cpp:409][Send] x:380069,	y:-672943,	z:2387.15,	h:191.608,	p:0.00212167,	r:0
[2025-10-28 21:41:28.182] [NetDataInstance.cpp:417][Send] x:380585,	y:-675389,	z:2387.42,	h:191.928,	p:0.072723,	r:0
[2025-10-28 21:41:28.182] [NetDataInstance.cpp:425][Send] x:380585,	y:-675389,	z:2387.42,	h:12.2487,	p:-0.143324,	r:0
[2025-10-28 21:41:28.196] [NetDataInstance.cpp:360][Send] --------------------------------------------------------
[2025-10-28 21:41:28.196] [NetDataInstance.cpp:369][Send] x:377689,	y:-660672,	z:2387.31,	h:190.011,	p:0,	r:0
[2025-10-28 21:41:28.197] [NetDataInstance.cpp:377][Send] x:378138,	y:-663131,	z:2387.31,	h:190.333,	p:0,	r:0
[2025-10-28 21:41:28.197] [NetDataInstance.cpp:385][Send] x:378600,	y:-665588,	z:2387.31,	h:190.653,	p:0,	r:0
[2025-10-28 21:41:28.197] [NetDataInstance.cpp:393][Send] x:379076,	y:-668042,	z:2387.31,	h:190.972,	p:5.46272e-05,	r:0
[2025-10-28 21:41:28.197] [NetDataInstance.cpp:401][Send] x:379566,	y:-670494,	z:2387.32,	h:191.29,	p:-0.00187225,	r:0
[2025-10-28 21:41:28.197] [NetDataInstance.cpp:409][Send] x:380069,	y:-672943,	z:2387.15,	h:191.608,	p:0.00212167,	r:0
[2025-10-28 21:41:28.197] [NetDataInstance.cpp:417][Send] x:380585,	y:-675389,	z:2387.42,	h:191.928,	p:0.072723,	r:0
[2025-10-28 21:41:28.197] [NetDataInstance.cpp:425][Send] x:380585,	y:-675389,	z:2387.42,	h:12.2487,	p:-0.143324,	r:0
[2025-10-28 21:41:28.211] [NetDataInstance.cpp:360][Send] --------------------------------------------------------
[2025-10-28 21:41:28.211] [NetDataInstance.cpp:369][Send] x:377689,	y:-660672,	z:2387.31,	h:190.011,	p:0,	r:0
[2025-10-28 21:41:28.211] [NetDataInstance.cpp:377][Send] x:378138,	y:-663131,	z:2387.31,	h:190.333,	p:0,	r:0
[2025-10-28 21:41:28.211] [NetDataInstance.cpp:385][Send] x:378600,	y:-665588,	z:2387.31,	h:190.653,	p:0,	r:0
[2025-10-28 21:41:28.212] [NetDataInstance.cpp:393][Send] x:379076,	y:-668042,	z:2387.31,	h:190.972,	p:5.46272e-05,	r:0
[2025-10-28 21:41:28.212] [NetDataInstance.cpp:401][Send] x:379566,	y:-670494,	z:2387.32,	h:191.29,	p:-0.00187225,	r:0
[2025-10-28 21:41:28.212] [NetDataInstance.cpp:409][Send] x:380069,	y:-672943,	z:2387.15,	h:191.608,	p:0.00212167,	r:0
[2025-10-28 21:41:28.212] [NetDataInstance.cpp:417][Send] x:380585,	y:-675389,	z:2387.42,	h:191.928,	p:0.072723,	r:0
[2025-10-28 21:41:28.212] [NetDataInstance.cpp:425][Send] x:380585,	y:-675389,	z:2387.42,	h:12.2487,	p:-0.143324,	r:0
[2025-10-28 21:41:28.227] [NetDataInstance.cpp:360][Send] --------------------------------------------------------
[2025-10-28 21:41:28.227] [NetDataInstance.cpp:369][Send] x:377689,	y:-660672,	z:2387.31,	h:190.011,	p:0,	r:0
[2025-10-28 21:41:28.227] [NetDataInstance.cpp:377][Send] x:378138,	y:-663131,	z:2387.31,	h:190.333,	p:0,	r:0
[2025-10-28 21:41:28.228] [NetDataInstance.cpp:385][Send] x:378600,	y:-665588,	z:2387.31,	h:190.653,	p:0,	r:0
[2025-10-28 21:41:28.228] [NetDataInstance.cpp:393][Send] x:379076,	y:-668042,	z:2387.31,	h:190.972,	p:5.46272e-05,	r:0
[2025-10-28 21:41:28.228] [NetDataInstance.cpp:401][Send] x:379566,	y:-670494,	z:2387.32,	h:191.29,	p:-0.00187225,	r:0
[2025-10-28 21:41:28.228] [NetDataInstance.cpp:409][Send] x:380069,	y:-672943,	z:2387.15,	h:191.608,	p:0.00212167,	r:0
[2025-10-28 21:41:28.228] [NetDataInstance.cpp:417][Send] x:380585,	y:-675389,	z:2387.42,	h:191.928,	p:0.072723,	r:0
[2025-10-28 21:41:28.228] [NetDataInstance.cpp:425][Send] x:380585,	y:-675389,	z:2387.42,	h:12.2487,	p:-0.143324,	r:0
[2025-10-28 21:41:28.244] [NetDataInstance.cpp:360][Send] --------------------------------------------------------
[2025-10-28 21:41:28.244] [NetDataInstance.cpp:369][Send] x:377689,	y:-660672,	z:2387.31,	h:190.011,	p:0,	r:0
[2025-10-28 21:41:28.245] [NetDataInstance.cpp:377][Send] x:378138,	y:-663131,	z:2387.31,	h:190.333,	p:0,	r:0
[2025-10-28 21:41:28.245] [NetDataInstance.cpp:385][Send] x:378600,	y:-665588,	z:2387.31,	h:190.653,	p:0,	r:0
[2025-10-28 21:41:28.246] [NetDataInstance.cpp:393][Send] x:379076,	y:-668042,	z:2387.31,	h:190.972,	p:5.46272e-05,	r:0
[2025-10-28 21:41:28.246] [NetDataInstance.cpp:401][Send] x:379566,	y:-670494,	z:2387.32,	h:191.29,	p:-0.00187225,	r:0
[2025-10-28 21:41:28.246] [NetDataInstance.cpp:409][Send] x:380069,	y:-672943,	z:2387.15,	h:191.608,	p:0.00212167,	r:0
[2025-10-28 21:41:28.247] [NetDataInstance.cpp:417][Send] x:380585,	y:-675389,	z:2387.42,	h:191.928,	p:0.072723,	r:0
[2025-10-28 21:41:28.247] [NetDataInstance.cpp:425][Send] x:380585,	y:-675389,	z:2387.42,	h:12.2487,	p:-0.143324,	r:0
[2025-10-28 21:41:28.259] [NetDataInstance.cpp:360][Send] --------------------------------------------------------
[2025-10-28 21:41:28.259] [NetDataInstance.cpp:369][Send] x:377689,	y:-660672,	z:2387.31,	h:190.011,	p:0,	r:0
[2025-10-28 21:41:28.260] [NetDataInstance.cpp:377][Send] x:378138,	y:-663131,	z:2387.31,	h:190.333,	p:0,	r:0
[2025-10-28 21:41:28.260] [NetDataInstance.cpp:385][Send] x:378600,	y:-665588,	z:2387.31,	h:190.653,	p:0,	r:0
[2025-10-28 21:41:28.260] [NetDataInstance.cpp:393][Send] x:379076,	y:-668042,	z:2387.31,	h:190.972,	p:5.46272e-05,	r:0
[2025-10-28 21:41:28.261] [NetDataInstance.cpp:401][Send] x:379566,	y:-670494,	z:2387.32,	h:191.29,	p:-0.00187225,	r:0
[2025-10-28 21:41:28.261] [NetDataInstance.cpp:409][Send] x:380069,	y:-672943,	z:2387.15,	h:191.608,	p:0.00212167,	r:0
[2025-10-28 21:41:28.261] [NetDataInstance.cpp:417][Send] x:380585,	y:-675389,	z:2387.42,	h:191.928,	p:0.072723,	r:0
[2025-10-28 21:41:28.262] [NetDataInstance.cpp:425][Send] x:380585,	y:-675389,	z:2387.42,	h:12.2487,	p:-0.143324,	r:0
[2025-10-28 21:41:28.275] [NetDataInstance.cpp:360][Send] --------------------------------------------------------
[2025-10-28 21:41:28.275] [NetDataInstance.cpp:369][Send] x:377689,	y:-660672,	z:2387.31,	h:190.011,	p:0,	r:0
[2025-10-28 21:41:28.275] [NetDataInstance.cpp:377][Send] x:378138,	y:-663131,	z:2387.31,	h:190.333,	p:0,	r:0
[2025-10-28 21:41:28.276] [NetDataInstance.cpp:385][Send] x:378600,	y:-665588,	z:2387.31,	h:190.653,	p:0,	r:0
[2025-10-28 21:41:28.276] [NetDataInstance.cpp:393][Send] x:379076,	y:-668042,	z:2387.31,	h:190.972,	p:5.46272e-05,	r:0
[2025-10-28 21:41:28.276] [NetDataInstance.cpp:401][Send] x:379566,	y:-670494,	z:2387.32,	h:191.29,	p:-0.00187225,	r:0
[2025-10-28 21:41:28.277] [NetDataInstance.cpp:409][Send] x:380069,	y:-672943,	z:2387.15,	h:191.608,	p:0.00212167,	r:0
[2025-10-28 21:41:28.277] [NetDataInstance.cpp:417][Send] x:380585,	y:-675389,	z:2387.42,	h:191.928,	p:0.072723,	r:0
[2025-10-28 21:41:28.277] [NetDataInstance.cpp:425][Send] x:380585,	y:-675389,	z:2387.42,	h:12.2487,	p:-0.143324,	r:0
[2025-10-28 21:41:28.289] [NetDataInstance.cpp:360][Send] --------------------------------------------------------
[2025-10-28 21:41:28.290] [NetDataInstance.cpp:369][Send] x:377689,	y:-660672,	z:2387.31,	h:190.011,	p:0,	r:0
[2025-10-28 21:41:28.290] [NetDataInstance.cpp:377][Send] x:378138,	y:-663131,	z:2387.31,	h:190.333,	p:0,	r:0
[2025-10-28 21:41:28.291] [NetDataInstance.cpp:385][Send] x:378600,	y:-665588,	z:2387.31,	h:190.653,	p:0,	r:0
[2025-10-28 21:41:28.291] [NetDataInstance.cpp:393][Send] x:379076,	y:-668042,	z:2387.31,	h:190.972,	p:5.46272e-05,	r:0
[2025-10-28 21:41:28.291] [NetDataInstance.cpp:401][Send] x:379566,	y:-670494,	z:2387.32,	h:191.29,	p:-0.00187225,	r:0
[2025-10-28 21:41:28.292] [NetDataInstance.cpp:409][Send] x:380069,	y:-672943,	z:2387.15,	h:191.608,	p:0.00212167,	r:0
[2025-10-28 21:41:28.292] [NetDataInstance.cpp:417][Send] x:380585,	y:-675389,	z:2387.42,	h:191.928,	p:0.072723,	r:0
[2025-10-28 21:41:28.292] [NetDataInstance.cpp:425][Send] x:380585,	y:-675389,	z:2387.42,	h:12.2487,	p:-0.143324,	r:0
[2025-10-28 21:41:28.319] [NetDataInstance.cpp:360][Send] --------------------------------------------------------
[2025-10-28 21:41:28.319] [NetDataInstance.cpp:369][Send] x:377689,	y:-660672,	z:2387.31,	h:190.011,	p:0,	r:0
[2025-10-28 21:41:28.319] [NetDataInstance.cpp:377][Send] x:378138,	y:-663131,	z:2387.31,	h:190.333,	p:0,	r:0
[2025-10-28 21:41:28.320] [NetDataInstance.cpp:385][Send] x:378600,	y:-665588,	z:2387.31,	h:190.653,	p:0,	r:0
[2025-10-28 21:41:28.320] [NetDataInstance.cpp:393][Send] x:379076,	y:-668042,	z:2387.31,	h:190.972,	p:5.46272e-05,	r:0
[2025-10-28 21:41:28.320] [NetDataInstance.cpp:401][Send] x:379566,	y:-670494,	z:2387.32,	h:191.29,	p:-0.00187225,	r:0
[2025-10-28 21:41:28.320] [NetDataInstance.cpp:409][Send] x:380069,	y:-672943,	z:2387.15,	h:191.608,	p:0.00212167,	r:0
[2025-10-28 21:41:28.320] [NetDataInstance.cpp:417][Send] x:380585,	y:-675389,	z:2387.42,	h:191.928,	p:0.072723,	r:0
[2025-10-28 21:41:28.320] [NetDataInstance.cpp:425][Send] x:380585,	y:-675389,	z:2387.42,	h:12.2487,	p:-0.143324,	r:0
[2025-10-28 21:41:28.335] [NetDataInstance.cpp:360][Send] --------------------------------------------------------
[2025-10-28 21:41:28.336] [NetDataInstance.cpp:369][Send] x:377689,	y:-660672,	z:2387.31,	h:190.011,	p:0,	r:0
[2025-10-28 21:41:28.336] [NetDataInstance.cpp:377][Send] x:378138,	y:-663131,	z:2387.31,	h:190.333,	p:0,	r:0
[2025-10-28 21:41:28.337] [NetDataInstance.cpp:385][Send] x:378600,	y:-665588,	z:2387.31,	h:190.653,	p:0,	r:0
[2025-10-28 21:41:28.338] [NetDataInstance.cpp:393][Send] x:379076,	y:-668042,	z:2387.31,	h:190.972,	p:5.46272e-05,	r:0
[2025-10-28 21:41:28.338] [NetDataInstance.cpp:401][Send] x:379566,	y:-670494,	z:2387.32,	h:191.29,	p:-0.00187225,	r:0
[2025-10-28 21:41:28.339] [NetDataInstance.cpp:409][Send] x:380069,	y:-672943,	z:2387.15,	h:191.608,	p:0.00212167,	r:0
[2025-10-28 21:41:28.339] [NetDataInstance.cpp:417][Send] x:380585,	y:-675389,	z:2387.42,	h:191.928,	p:0.072723,	r:0
[2025-10-28 21:41:28.340] [NetDataInstance.cpp:425][Send] x:380585,	y:-675389,	z:2387.42,	h:12.2487,	p:-0.143324,	r:0
[2025-10-28 21:41:28.349] [NetDataInstance.cpp:360][Send] --------------------------------------------------------
[2025-10-28 21:41:28.349] [NetDataInstance.cpp:369][Send] x:377689,	y:-660672,	z:2387.31,	h:190.011,	p:0,	r:0
[2025-10-28 21:41:28.350] [NetDataInstance.cpp:377][Send] x:378138,	y:-663131,	z:2387.31,	h:190.333,	p:0,	r:0
[2025-10-28 21:41:28.350] [NetDataInstance.cpp:385][Send] x:378600,	y:-665588,	z:2387.31,	h:190.653,	p:0,	r:0
[2025-10-28 21:41:28.351] [NetDataInstance.cpp:393][Send] x:379076,	y:-668042,	z:2387.31,	h:190.972,	p:5.46272e-05,	r:0
[2025-10-28 21:41:28.351] [NetDataInstance.cpp:401][Send] x:379566,	y:-670494,	z:2387.32,	h:191.29,	p:-0.00187225,	r:0
[2025-10-28 21:41:28.351] [NetDataInstance.cpp:409][Send] x:380069,	y:-672943,	z:2387.15,	h:191.608,	p:0.00212167,	r:0
[2025-10-28 21:41:28.352] [NetDataInstance.cpp:417][Send] x:380585,	y:-675389,	z:2387.42,	h:191.928,	p:0.072723,	r:0
[2025-10-28 21:41:28.352] [NetDataInstance.cpp:425][Send] x:380585,	y:-675389,	z:2387.42,	h:12.2487,	p:-0.143324,	r:0
[2025-10-28 21:41:28.358] [NetDataInstance.cpp:360][Send] --------------------------------------------------------
[2025-10-28 21:41:28.358] [NetDataInstance.cpp:369][Send] x:377689,	y:-660672,	z:2387.31,	h:190.011,	p:0,	r:0
[2025-10-28 21:41:28.358] [NetDataInstance.cpp:377][Send] x:378138,	y:-663131,	z:2387.31,	h:190.333,	p:0,	r:0
[2025-10-28 21:41:28.359] [NetDataInstance.cpp:385][Send] x:378600,	y:-665588,	z:2387.31,	h:190.653,	p:0,	r:0
[2025-10-28 21:41:28.359] [NetDataInstance.cpp:393][Send] x:379076,	y:-668042,	z:2387.31,	h:190.972,	p:5.46272e-05,	r:0
[2025-10-28 21:41:28.359] [NetDataInstance.cpp:401][Send] x:379566,	y:-670494,	z:2387.32,	h:191.29,	p:-0.00187225,	r:0
[2025-10-28 21:41:28.359] [NetDataInstance.cpp:409][Send] x:380069,	y:-672943,	z:2387.15,	h:191.608,	p:0.00212167,	r:0
[2025-10-28 21:41:28.360] [NetDataInstance.cpp:417][Send] x:380585,	y:-675389,	z:2387.42,	h:191.928,	p:0.072723,	r:0
[2025-10-28 21:41:28.360] [NetDataInstance.cpp:425][Send] x:380585,	y:-675389,	z:2387.42,	h:12.2487,	p:-0.143324,	r:0
[2025-10-28 21:41:28.381] [NetDataInstance.cpp:360][Send] --------------------------------------------------------
[2025-10-28 21:41:28.381] [NetDataInstance.cpp:369][Send] x:377689,	y:-660672,	z:2387.31,	h:190.011,	p:0,	r:0
[2025-10-28 21:41:28.381] [NetDataInstance.cpp:377][Send] x:378138,	y:-663131,	z:2387.31,	h:190.333,	p:0,	r:0
[2025-10-28 21:41:28.381] [NetDataInstance.cpp:385][Send] x:378600,	y:-665588,	z:2387.31,	h:190.653,	p:0,	r:0
[2025-10-28 21:41:28.381] [NetDataInstance.cpp:393][Send] x:379076,	y:-668042,	z:2387.31,	h:190.972,	p:5.46272e-05,	r:0
[2025-10-28 21:41:28.381] [NetDataInstance.cpp:401][Send] x:379566,	y:-670494,	z:2387.32,	h:191.29,	p:-0.00187225,	r:0
[2025-10-28 21:41:28.382] [NetDataInstance.cpp:409][Send] x:380069,	y:-672943,	z:2387.15,	h:191.608,	p:0.00212167,	r:0
[2025-10-28 21:41:28.382] [NetDataInstance.cpp:417][Send] x:380585,	y:-675389,	z:2387.42,	h:191.928,	p:0.072723,	r:0
[2025-10-28 21:41:28.382] [NetDataInstance.cpp:425][Send] x:380585,	y:-675389,	z:2387.42,	h:12.2487,	p:-0.143324,	r:0
[2025-10-28 21:41:28.396] [NetDataInstance.cpp:360][Send] --------------------------------------------------------
[2025-10-28 21:41:28.396] [NetDataInstance.cpp:369][Send] x:377689,	y:-660672,	z:2387.31,	h:190.011,	p:0,	r:0
[2025-10-28 21:41:28.396] [NetDataInstance.cpp:377][Send] x:378138,	y:-663131,	z:2387.31,	h:190.333,	p:0,	r:0
[2025-10-28 21:41:28.396] [NetDataInstance.cpp:385][Send] x:378600,	y:-665588,	z:2387.31,	h:190.653,	p:0,	r:0
[2025-10-28 21:41:28.396] [NetDataInstance.cpp:393][Send] x:379076,	y:-668042,	z:2387.31,	h:190.972,	p:5.46272e-05,	r:0
[2025-10-28 21:41:28.397] [NetDataInstance.cpp:401][Send] x:379566,	y:-670494,	z:2387.32,	h:191.29,	p:-0.00187225,	r:0
[2025-10-28 21:41:28.397] [NetDataInstance.cpp:409][Send] x:380069,	y:-672943,	z:2387.15,	h:191.608,	p:0.00212167,	r:0
[2025-10-28 21:41:28.397] [NetDataInstance.cpp:417][Send] x:380585,	y:-675389,	z:2387.42,	h:191.928,	p:0.072723,	r:0
[2025-10-28 21:41:28.397] [NetDataInstance.cpp:425][Send] x:380585,	y:-675389,	z:2387.42,	h:12.2487,	p:-0.143324,	r:0
[2025-10-28 21:41:28.412] [NetDataInstance.cpp:360][Send] --------------------------------------------------------
[2025-10-28 21:41:28.413] [NetDataInstance.cpp:369][Send] x:377689,	y:-660672,	z:2387.31,	h:190.011,	p:0,	r:0
[2025-10-28 21:41:28.413] [NetDataInstance.cpp:377][Send] x:378138,	y:-663131,	z:2387.31,	h:190.333,	p:0,	r:0
[2025-10-28 21:41:28.414] [NetDataInstance.cpp:385][Send] x:378600,	y:-665588,	z:2387.31,	h:190.653,	p:0,	r:0
[2025-10-28 21:41:28.414] [NetDataInstance.cpp:393][Send] x:379076,	y:-668042,	z:2387.31,	h:190.972,	p:5.46272e-05,	r:0
[2025-10-28 21:41:28.415] [NetDataInstance.cpp:401][Send] x:379566,	y:-670494,	z:2387.32,	h:191.29,	p:-0.00187225,	r:0
[2025-10-28 21:41:28.415] [NetDataInstance.cpp:409][Send] x:380069,	y:-672943,	z:2387.15,	h:191.608,	p:0.00212167,	r:0
[2025-10-28 21:41:28.415] [NetDataInstance.cpp:417][Send] x:380585,	y:-675389,	z:2387.42,	h:191.928,	p:0.072723,	r:0
[2025-10-28 21:41:28.416] [NetDataInstance.cpp:425][Send] x:380585,	y:-675389,	z:2387.42,	h:12.2487,	p:-0.143324,	r:0
[2025-10-28 21:41:28.429] [NetDataInstance.cpp:360][Send] --------------------------------------------------------
[2025-10-28 21:41:28.430] [NetDataInstance.cpp:369][Send] x:377689,	y:-660672,	z:2387.31,	h:190.011,	p:0,	r:0
[2025-10-28 21:41:28.430] [NetDataInstance.cpp:377][Send] x:378138,	y:-663131,	z:2387.31,	h:190.333,	p:0,	r:0
[2025-10-28 21:41:28.431] [NetDataInstance.cpp:385][Send] x:378600,	y:-665588,	z:2387.31,	h:190.653,	p:0,	r:0
[2025-10-28 21:41:28.431] [NetDataInstance.cpp:393][Send] x:379076,	y:-668042,	z:2387.31,	h:190.972,	p:5.46272e-05,	r:0
[2025-10-28 21:41:28.431] [NetDataInstance.cpp:401][Send] x:379566,	y:-670494,	z:2387.32,	h:191.29,	p:-0.00187225,	r:0
[2025-10-28 21:41:28.432] [NetDataInstance.cpp:409][Send] x:380069,	y:-672943,	z:2387.15,	h:191.608,	p:0.00212167,	r:0
[2025-10-28 21:41:28.432] [NetDataInstance.cpp:417][Send] x:380585,	y:-675389,	z:2387.42,	h:191.928,	p:0.072723,	r:0
[2025-10-28 21:41:28.433] [NetDataInstance.cpp:425][Send] x:380585,	y:-675389,	z:2387.42,	h:12.2487,	p:-0.143324,	r:0
[2025-10-28 21:41:28.444] [NetDataInstance.cpp:360][Send] --------------------------------------------------------
[2025-10-28 21:41:28.444] [NetDataInstance.cpp:369][Send] x:377689,	y:-660672,	z:2387.31,	h:190.011,	p:0,	r:0
[2025-10-28 21:41:28.444] [NetDataInstance.cpp:377][Send] x:378138,	y:-663131,	z:2387.31,	h:190.333,	p:0,	r:0
[2025-10-28 21:41:28.444] [NetDataInstance.cpp:385][Send] x:378600,	y:-665588,	z:2387.31,	h:190.653,	p:0,	r:0
[2025-10-28 21:41:28.444] [NetDataInstance.cpp:393][Send] x:379076,	y:-668042,	z:2387.31,	h:190.972,	p:5.46272e-05,	r:0
[2025-10-28 21:41:28.444] [NetDataInstance.cpp:401][Send] x:379566,	y:-670494,	z:2387.32,	h:191.29,	p:-0.00187225,	r:0
[2025-10-28 21:41:28.444] [NetDataInstance.cpp:409][Send] x:380069,	y:-672943,	z:2387.15,	h:191.608,	p:0.00212167,	r:0
[2025-10-28 21:41:28.445] [NetDataInstance.cpp:417][Send] x:380585,	y:-675389,	z:2387.42,	h:191.928,	p:0.072723,	r:0
[2025-10-28 21:41:28.445] [NetDataInstance.cpp:425][Send] x:380585,	y:-675389,	z:2387.42,	h:12.2487,	p:-0.143324,	r:0
[2025-10-28 21:41:28.459] [NetDataInstance.cpp:360][Send] --------------------------------------------------------
[2025-10-28 21:41:28.459] [NetDataInstance.cpp:369][Send] x:377689,	y:-660672,	z:2387.31,	h:190.011,	p:0,	r:0
[2025-10-28 21:41:28.459] [NetDataInstance.cpp:377][Send] x:378138,	y:-663131,	z:2387.31,	h:190.333,	p:0,	r:0
[2025-10-28 21:41:28.459] [NetDataInstance.cpp:385][Send] x:378600,	y:-665588,	z:2387.31,	h:190.653,	p:0,	r:0
[2025-10-28 21:41:28.459] [NetDataInstance.cpp:393][Send] x:379076,	y:-668042,	z:2387.31,	h:190.972,	p:5.46272e-05,	r:0
[2025-10-28 21:41:28.459] [NetDataInstance.cpp:401][Send] x:379566,	y:-670494,	z:2387.32,	h:191.29,	p:-0.00187225,	r:0
[2025-10-28 21:41:28.459] [NetDataInstance.cpp:409][Send] x:380069,	y:-672943,	z:2387.15,	h:191.608,	p:0.00212167,	r:0
[2025-10-28 21:41:28.460] [NetDataInstance.cpp:417][Send] x:380585,	y:-675389,	z:2387.42,	h:191.928,	p:0.072723,	r:0
[2025-10-28 21:41:28.460] [NetDataInstance.cpp:425][Send] x:380585,	y:-675389,	z:2387.42,	h:12.2487,	p:-0.143324,	r:0
[2025-10-28 21:41:28.490] [NetDataInstance.cpp:360][Send] --------------------------------------------------------
[2025-10-28 21:41:28.491] [NetDataInstance.cpp:369][Send] x:377689,	y:-660672,	z:2387.31,	h:190.011,	p:0,	r:0
[2025-10-28 21:41:28.491] [NetDataInstance.cpp:377][Send] x:378138,	y:-663131,	z:2387.31,	h:190.333,	p:0,	r:0
[2025-10-28 21:41:28.491] [NetDataInstance.cpp:385][Send] x:378600,	y:-665588,	z:2387.31,	h:190.653,	p:0,	r:0
[2025-10-28 21:41:28.491] [NetDataInstance.cpp:393][Send] x:379076,	y:-668042,	z:2387.31,	h:190.972,	p:5.46272e-05,	r:0
[2025-10-28 21:41:28.491] [NetDataInstance.cpp:401][Send] x:379566,	y:-670494,	z:2387.32,	h:191.29,	p:-0.00187225,	r:0
[2025-10-28 21:41:28.491] [NetDataInstance.cpp:409][Send] x:380069,	y:-672943,	z:2387.15,	h:191.608,	p:0.00212167,	r:0
[2025-10-28 21:41:28.492] [NetDataInstance.cpp:417][Send] x:380585,	y:-675389,	z:2387.42,	h:191.928,	p:0.072723,	r:0
[2025-10-28 21:41:28.492] [NetDataInstance.cpp:425][Send] x:380585,	y:-675389,	z:2387.42,	h:12.2487,	p:-0.143324,	r:0
[2025-10-28 21:41:28.493] [NetDataInstance.cpp:360][Send] --------------------------------------------------------
[2025-10-28 21:41:28.493] [NetDataInstance.cpp:369][Send] x:377689,	y:-660672,	z:2387.31,	h:190.011,	p:0,	r:0
[2025-10-28 21:41:28.493] [NetDataInstance.cpp:377][Send] x:378138,	y:-663131,	z:2387.31,	h:190.333,	p:0,	r:0
[2025-10-28 21:41:28.493] [NetDataInstance.cpp:385][Send] x:378600,	y:-665588,	z:2387.31,	h:190.653,	p:0,	r:0
[2025-10-28 21:41:28.493] [NetDataInstance.cpp:393][Send] x:379076,	y:-668042,	z:2387.31,	h:190.972,	p:5.46272e-05,	r:0
[2025-10-28 21:41:28.493] [NetDataInstance.cpp:401][Send] x:379566,	y:-670494,	z:2387.32,	h:191.29,	p:-0.00187225,	r:0
[2025-10-28 21:41:28.494] [NetDataInstance.cpp:409][Send] x:380069,	y:-672943,	z:2387.15,	h:191.608,	p:0.00212167,	r:0
[2025-10-28 21:41:28.494] [NetDataInstance.cpp:417][Send] x:380585,	y:-675389,	z:2387.42,	h:191.928,	p:0.072723,	r:0
[2025-10-28 21:41:28.494] [NetDataInstance.cpp:425][Send] x:380585,	y:-675389,	z:2387.42,	h:12.2487,	p:-0.143324,	r:0
[2025-10-28 21:41:28.521] [NetDataInstance.cpp:360][Send] --------------------------------------------------------
[2025-10-28 21:41:28.521] [NetDataInstance.cpp:369][Send] x:377689,	y:-660672,	z:2387.31,	h:190.011,	p:0,	r:0
[2025-10-28 21:41:28.521] [NetDataInstance.cpp:377][Send] x:378138,	y:-663131,	z:2387.31,	h:190.333,	p:0,	r:0
[2025-10-28 21:41:28.521] [NetDataInstance.cpp:385][Send] x:378600,	y:-665588,	z:2387.31,	h:190.653,	p:0,	r:0
[2025-10-28 21:41:28.521] [NetDataInstance.cpp:393][Send] x:379076,	y:-668042,	z:2387.31,	h:190.972,	p:5.46272e-05,	r:0
[2025-10-28 21:41:28.521] [NetDataInstance.cpp:401][Send] x:379566,	y:-670494,	z:2387.32,	h:191.29,	p:-0.00187225,	r:0
[2025-10-28 21:41:28.521] [NetDataInstance.cpp:409][Send] x:380069,	y:-672943,	z:2387.15,	h:191.608,	p:0.00212167,	r:0
[2025-10-28 21:41:28.521] [NetDataInstance.cpp:417][Send] x:380585,	y:-675389,	z:2387.42,	h:191.928,	p:0.072723,	r:0
[2025-10-28 21:41:28.521] [NetDataInstance.cpp:425][Send] x:380585,	y:-675389,	z:2387.42,	h:12.2487,	p:-0.143324,	r:0
[2025-10-28 21:41:28.536] [NetDataInstance.cpp:360][Send] --------------------------------------------------------
[2025-10-28 21:41:28.536] [NetDataInstance.cpp:369][Send] x:377689,	y:-660672,	z:2387.31,	h:190.011,	p:0,	r:0
[2025-10-28 21:41:28.536] [NetDataInstance.cpp:377][Send] x:378138,	y:-663131,	z:2387.31,	h:190.333,	p:0,	r:0
[2025-10-28 21:41:28.536] [NetDataInstance.cpp:385][Send] x:378600,	y:-665588,	z:2387.31,	h:190.653,	p:0,	r:0
[2025-10-28 21:41:28.536] [NetDataInstance.cpp:393][Send] x:379076,	y:-668042,	z:2387.31,	h:190.972,	p:5.46272e-05,	r:0
[2025-10-28 21:41:28.537] [NetDataInstance.cpp:401][Send] x:379566,	y:-670494,	z:2387.32,	h:191.29,	p:-0.00187225,	r:0
[2025-10-28 21:41:28.537] [NetDataInstance.cpp:409][Send] x:380069,	y:-672943,	z:2387.15,	h:191.608,	p:0.00212167,	r:0
[2025-10-28 21:41:28.537] [NetDataInstance.cpp:417][Send] x:380585,	y:-675389,	z:2387.42,	h:191.928,	p:0.072723,	r:0
[2025-10-28 21:41:28.537] [NetDataInstance.cpp:425][Send] x:380585,	y:-675389,	z:2387.42,	h:12.2487,	p:-0.143324,	r:0
[2025-10-28 21:41:28.552] [NetDataInstance.cpp:360][Send] --------------------------------------------------------
[2025-10-28 21:41:28.552] [NetDataInstance.cpp:369][Send] x:377689,	y:-660672,	z:2387.31,	h:190.011,	p:0,	r:0
[2025-10-28 21:41:28.552] [NetDataInstance.cpp:377][Send] x:378138,	y:-663131,	z:2387.31,	h:190.333,	p:0,	r:0
[2025-10-28 21:41:28.552] [NetDataInstance.cpp:385][Send] x:378600,	y:-665588,	z:2387.31,	h:190.653,	p:0,	r:0
[2025-10-28 21:41:28.552] [NetDataInstance.cpp:393][Send] x:379076,	y:-668042,	z:2387.31,	h:190.972,	p:5.46272e-05,	r:0
[2025-10-28 21:41:28.552] [NetDataInstance.cpp:401][Send] x:379566,	y:-670494,	z:2387.32,	h:191.29,	p:-0.00187225,	r:0
[2025-10-28 21:41:28.552] [NetDataInstance.cpp:409][Send] x:380069,	y:-672943,	z:2387.15,	h:191.608,	p:0.00212167,	r:0
[2025-10-28 21:41:28.553] [NetDataInstance.cpp:417][Send] x:380585,	y:-675389,	z:2387.42,	h:191.928,	p:0.072723,	r:0
[2025-10-28 21:41:28.553] [NetDataInstance.cpp:425][Send] x:380585,	y:-675389,	z:2387.42,	h:12.2487,	p:-0.143324,	r:0
[2025-10-28 21:41:28.568] [NetDataInstance.cpp:360][Send] --------------------------------------------------------
[2025-10-28 21:41:28.568] [NetDataInstance.cpp:369][Send] x:377689,	y:-660672,	z:2387.31,	h:190.011,	p:0,	r:0
[2025-10-28 21:41:28.569] [NetDataInstance.cpp:377][Send] x:378138,	y:-663131,	z:2387.31,	h:190.333,	p:0,	r:0
[2025-10-28 21:41:28.569] [NetDataInstance.cpp:385][Send] x:378600,	y:-665588,	z:2387.31,	h:190.653,	p:0,	r:0
[2025-10-28 21:41:28.569] [NetDataInstance.cpp:393][Send] x:379076,	y:-668042,	z:2387.31,	h:190.972,	p:5.46272e-05,	r:0
[2025-10-28 21:41:28.570] [NetDataInstance.cpp:401][Send] x:379566,	y:-670494,	z:2387.32,	h:191.29,	p:-0.00187225,	r:0
[2025-10-28 21:41:28.570] [NetDataInstance.cpp:409][Send] x:380069,	y:-672943,	z:2387.15,	h:191.608,	p:0.00212167,	r:0
[2025-10-28 21:41:28.570] [NetDataInstance.cpp:417][Send] x:380585,	y:-675389,	z:2387.42,	h:191.928,	p:0.072723,	r:0
[2025-10-28 21:41:28.571] [NetDataInstance.cpp:425][Send] x:380585,	y:-675389,	z:2387.42,	h:12.2487,	p:-0.143324,	r:0
[2025-10-28 21:41:28.584] [NetDataInstance.cpp:360][Send] --------------------------------------------------------
[2025-10-28 21:41:28.584] [NetDataInstance.cpp:369][Send] x:377689,	y:-660672,	z:2387.31,	h:190.011,	p:0,	r:0
[2025-10-28 21:41:28.584] [NetDataInstance.cpp:377][Send] x:378138,	y:-663131,	z:2387.31,	h:190.333,	p:0,	r:0
[2025-10-28 21:41:28.584] [NetDataInstance.cpp:385][Send] x:378600,	y:-665588,	z:2387.31,	h:190.653,	p:0,	r:0
[2025-10-28 21:41:28.584] [NetDataInstance.cpp:393][Send] x:379076,	y:-668042,	z:2387.31,	h:190.972,	p:5.46272e-05,	r:0
[2025-10-28 21:41:28.585] [NetDataInstance.cpp:401][Send] x:379566,	y:-670494,	z:2387.32,	h:191.29,	p:-0.00187225,	r:0
[2025-10-28 21:41:28.585] [NetDataInstance.cpp:409][Send] x:380069,	y:-672943,	z:2387.15,	h:191.608,	p:0.00212167,	r:0
[2025-10-28 21:41:28.585] [NetDataInstance.cpp:417][Send] x:380585,	y:-675389,	z:2387.42,	h:191.928,	p:0.072723,	r:0
[2025-10-28 21:41:28.585] [NetDataInstance.cpp:425][Send] x:380585,	y:-675389,	z:2387.42,	h:12.2487,	p:-0.143324,	r:0
[2025-10-28 21:41:28.597] [NetDataInstance.cpp:360][Send] --------------------------------------------------------
[2025-10-28 21:41:28.597] [NetDataInstance.cpp:369][Send] x:377689,	y:-660672,	z:2387.31,	h:190.011,	p:0,	r:0
[2025-10-28 21:41:28.597] [NetDataInstance.cpp:377][Send] x:378138,	y:-663131,	z:2387.31,	h:190.333,	p:0,	r:0
[2025-10-28 21:41:28.597] [NetDataInstance.cpp:385][Send] x:378600,	y:-665588,	z:2387.31,	h:190.653,	p:0,	r:0
[2025-10-28 21:41:28.597] [NetDataInstance.cpp:393][Send] x:379076,	y:-668042,	z:2387.31,	h:190.972,	p:5.46272e-05,	r:0
[2025-10-28 21:41:28.598] [NetDataInstance.cpp:401][Send] x:379566,	y:-670494,	z:2387.32,	h:191.29,	p:-0.00187225,	r:0
[2025-10-28 21:41:28.598] [NetDataInstance.cpp:409][Send] x:380069,	y:-672943,	z:2387.15,	h:191.608,	p:0.00212167,	r:0
[2025-10-28 21:41:28.598] [NetDataInstance.cpp:417][Send] x:380585,	y:-675389,	z:2387.42,	h:191.928,	p:0.072723,	r:0
[2025-10-28 21:41:28.598] [NetDataInstance.cpp:425][Send] x:380585,	y:-675389,	z:2387.42,	h:12.2487,	p:-0.143324,	r:0
[2025-10-28 21:41:28.613] [NetDataInstance.cpp:360][Send] --------------------------------------------------------
[2025-10-28 21:41:28.613] [NetDataInstance.cpp:369][Send] x:377689,	y:-660672,	z:2387.31,	h:190.011,	p:0,	r:0
[2025-10-28 21:41:28.613] [NetDataInstance.cpp:377][Send] x:378138,	y:-663131,	z:2387.31,	h:190.333,	p:0,	r:0
[2025-10-28 21:41:28.613] [NetDataInstance.cpp:385][Send] x:378600,	y:-665588,	z:2387.31,	h:190.653,	p:0,	r:0
[2025-10-28 21:41:28.613] [NetDataInstance.cpp:393][Send] x:379076,	y:-668042,	z:2387.31,	h:190.972,	p:5.46272e-05,	r:0
[2025-10-28 21:41:28.613] [NetDataInstance.cpp:401][Send] x:379566,	y:-670494,	z:2387.32,	h:191.29,	p:-0.00187225,	r:0
[2025-10-28 21:41:28.613] [NetDataInstance.cpp:409][Send] x:380069,	y:-672943,	z:2387.15,	h:191.608,	p:0.00212167,	r:0
[2025-10-28 21:41:28.613] [NetDataInstance.cpp:417][Send] x:380585,	y:-675389,	z:2387.42,	h:191.928,	p:0.072723,	r:0
[2025-10-28 21:41:28.613] [NetDataInstance.cpp:425][Send] x:380585,	y:-675389,	z:2387.42,	h:12.2487,	p:-0.143324,	r:0
[2025-10-28 21:41:28.642] [NetDataInstance.cpp:360][Send] --------------------------------------------------------
[2025-10-28 21:41:28.643] [NetDataInstance.cpp:369][Send] x:377689,	y:-660672,	z:2387.31,	h:190.011,	p:0,	r:0
[2025-10-28 21:41:28.643] [NetDataInstance.cpp:377][Send] x:378138,	y:-663131,	z:2387.31,	h:190.333,	p:0,	r:0
[2025-10-28 21:41:28.643] [NetDataInstance.cpp:385][Send] x:378600,	y:-665588,	z:2387.31,	h:190.653,	p:0,	r:0
[2025-10-28 21:41:28.643] [NetDataInstance.cpp:393][Send] x:379076,	y:-668042,	z:2387.31,	h:190.972,	p:5.46272e-05,	r:0
[2025-10-28 21:41:28.643] [NetDataInstance.cpp:401][Send] x:379566,	y:-670494,	z:2387.32,	h:191.29,	p:-0.00187225,	r:0
[2025-10-28 21:41:28.643] [NetDataInstance.cpp:409][Send] x:380069,	y:-672943,	z:2387.15,	h:191.608,	p:0.00212167,	r:0
[2025-10-28 21:41:28.643] [NetDataInstance.cpp:417][Send] x:380585,	y:-675389,	z:2387.42,	h:191.928,	p:0.072723,	r:0
[2025-10-28 21:41:28.643] [NetDataInstance.cpp:425][Send] x:380585,	y:-675389,	z:2387.42,	h:12.2487,	p:-0.143324,	r:0
[2025-10-28 21:41:28.658] [NetDataInstance.cpp:360][Send] --------------------------------------------------------
[2025-10-28 21:41:28.658] [NetDataInstance.cpp:369][Send] x:377689,	y:-660672,	z:2387.31,	h:190.011,	p:0,	r:0
[2025-10-28 21:41:28.658] [NetDataInstance.cpp:377][Send] x:378138,	y:-663131,	z:2387.31,	h:190.333,	p:0,	r:0
[2025-10-28 21:41:28.658] [NetDataInstance.cpp:385][Send] x:378600,	y:-665588,	z:2387.31,	h:190.653,	p:0,	r:0
[2025-10-28 21:41:28.658] [NetDataInstance.cpp:393][Send] x:379076,	y:-668042,	z:2387.31,	h:190.972,	p:5.46272e-05,	r:0
[2025-10-28 21:41:28.659] [NetDataInstance.cpp:401][Send] x:379566,	y:-670494,	z:2387.32,	h:191.29,	p:-0.00187225,	r:0
[2025-10-28 21:41:28.659] [NetDataInstance.cpp:409][Send] x:380069,	y:-672943,	z:2387.15,	h:191.608,	p:0.00212167,	r:0
[2025-10-28 21:41:28.659] [NetDataInstance.cpp:417][Send] x:380585,	y:-675389,	z:2387.42,	h:191.928,	p:0.072723,	r:0
[2025-10-28 21:41:28.659] [NetDataInstance.cpp:425][Send] x:380585,	y:-675389,	z:2387.42,	h:12.2487,	p:-0.143324,	r:0
[2025-10-28 21:41:28.673] [NetDataInstance.cpp:360][Send] --------------------------------------------------------
[2025-10-28 21:41:28.674] [NetDataInstance.cpp:369][Send] x:377689,	y:-660672,	z:2387.31,	h:190.011,	p:0,	r:0
[2025-10-28 21:41:28.674] [NetDataInstance.cpp:377][Send] x:378138,	y:-663131,	z:2387.31,	h:190.333,	p:0,	r:0
[2025-10-28 21:41:28.674] [NetDataInstance.cpp:385][Send] x:378600,	y:-665588,	z:2387.31,	h:190.653,	p:0,	r:0
[2025-10-28 21:41:28.674] [NetDataInstance.cpp:393][Send] x:379076,	y:-668042,	z:2387.31,	h:190.972,	p:5.46272e-05,	r:0
[2025-10-28 21:41:28.674] [NetDataInstance.cpp:401][Send] x:379566,	y:-670494,	z:2387.32,	h:191.29,	p:-0.00187225,	r:0
[2025-10-28 21:41:28.674] [NetDataInstance.cpp:409][Send] x:380069,	y:-672943,	z:2387.15,	h:191.608,	p:0.00212167,	r:0
[2025-10-28 21:41:28.674] [NetDataInstance.cpp:417][Send] x:380585,	y:-675389,	z:2387.42,	h:191.928,	p:0.072723,	r:0
[2025-10-28 21:41:28.674] [NetDataInstance.cpp:425][Send] x:380585,	y:-675389,	z:2387.42,	h:12.2487,	p:-0.143324,	r:0
[2025-10-28 21:41:28.689] [NetDataInstance.cpp:360][Send] --------------------------------------------------------
[2025-10-28 21:41:28.689] [NetDataInstance.cpp:369][Send] x:377689,	y:-660672,	z:2387.31,	h:190.011,	p:0,	r:0
[2025-10-28 21:41:28.689] [NetDataInstance.cpp:377][Send] x:378138,	y:-663131,	z:2387.31,	h:190.333,	p:0,	r:0
[2025-10-28 21:41:28.689] [NetDataInstance.cpp:385][Send] x:378600,	y:-665588,	z:2387.31,	h:190.653,	p:0,	r:0
[2025-10-28 21:41:28.690] [NetDataInstance.cpp:393][Send] x:379076,	y:-668042,	z:2387.31,	h:190.972,	p:5.46272e-05,	r:0
[2025-10-28 21:41:28.690] [NetDataInstance.cpp:401][Send] x:379566,	y:-670494,	z:2387.32,	h:191.29,	p:-0.00187225,	r:0
[2025-10-28 21:41:28.690] [NetDataInstance.cpp:409][Send] x:380069,	y:-672943,	z:2387.15,	h:191.608,	p:0.00212167,	r:0
[2025-10-28 21:41:28.690] [NetDataInstance.cpp:417][Send] x:380585,	y:-675389,	z:2387.42,	h:191.928,	p:0.072723,	r:0
[2025-10-28 21:41:28.690] [NetDataInstance.cpp:425][Send] x:380585,	y:-675389,	z:2387.42,	h:12.2487,	p:-0.143324,	r:0
[2025-10-28 21:41:28.705] [NetDataInstance.cpp:360][Send] --------------------------------------------------------
[2025-10-28 21:41:28.706] [NetDataInstance.cpp:369][Send] x:377689,	y:-660672,	z:2387.31,	h:190.011,	p:0,	r:0
[2025-10-28 21:41:28.706] [NetDataInstance.cpp:377][Send] x:378138,	y:-663131,	z:2387.31,	h:190.333,	p:0,	r:0
[2025-10-28 21:41:28.706] [NetDataInstance.cpp:385][Send] x:378600,	y:-665588,	z:2387.31,	h:190.653,	p:0,	r:0
[2025-10-28 21:41:28.707] [NetDataInstance.cpp:393][Send] x:379076,	y:-668042,	z:2387.31,	h:190.972,	p:5.46272e-05,	r:0
[2025-10-28 21:41:28.707] [NetDataInstance.cpp:401][Send] x:379566,	y:-670494,	z:2387.32,	h:191.29,	p:-0.00187225,	r:0
[2025-10-28 21:41:28.708] [NetDataInstance.cpp:409][Send] x:380069,	y:-672943,	z:2387.15,	h:191.608,	p:0.00212167,	r:0
[2025-10-28 21:41:28.708] [NetDataInstance.cpp:417][Send] x:380585,	y:-675389,	z:2387.42,	h:191.928,	p:0.072723,	r:0
[2025-10-28 21:41:28.708] [NetDataInstance.cpp:425][Send] x:380585,	y:-675389,	z:2387.42,	h:12.2487,	p:-0.143324,	r:0
[2025-10-28 21:41:28.715] [NetDataInstance.cpp:360][Send] --------------------------------------------------------
[2025-10-28 21:41:28.715] [NetDataInstance.cpp:369][Send] x:377689,	y:-660672,	z:2387.31,	h:190.011,	p:0,	r:0
[2025-10-28 21:41:28.715] [NetDataInstance.cpp:377][Send] x:378138,	y:-663131,	z:2387.31,	h:190.333,	p:0,	r:0
[2025-10-28 21:41:28.716] [NetDataInstance.cpp:385][Send] x:378600,	y:-665588,	z:2387.31,	h:190.653,	p:0,	r:0
[2025-10-28 21:41:28.716] [NetDataInstance.cpp:393][Send] x:379076,	y:-668042,	z:2387.31,	h:190.972,	p:5.46272e-05,	r:0
[2025-10-28 21:41:28.717] [NetDataInstance.cpp:401][Send] x:379566,	y:-670494,	z:2387.32,	h:191.29,	p:-0.00187225,	r:0
[2025-10-28 21:41:28.717] [NetDataInstance.cpp:409][Send] x:380069,	y:-672943,	z:2387.15,	h:191.608,	p:0.00212167,	r:0
[2025-10-28 21:41:28.717] [NetDataInstance.cpp:417][Send] x:380585,	y:-675389,	z:2387.42,	h:191.928,	p:0.072723,	r:0
[2025-10-28 21:41:28.718] [NetDataInstance.cpp:425][Send] x:380585,	y:-675389,	z:2387.42,	h:12.2487,	p:-0.143324,	r:0
[2025-10-28 21:41:28.735] [NetDataInstance.cpp:360][Send] --------------------------------------------------------
[2025-10-28 21:41:28.735] [NetDataInstance.cpp:369][Send] x:377689,	y:-660672,	z:2387.31,	h:190.011,	p:0,	r:0
[2025-10-28 21:41:28.735] [NetDataInstance.cpp:377][Send] x:378138,	y:-663131,	z:2387.31,	h:190.333,	p:0,	r:0
[2025-10-28 21:41:28.735] [NetDataInstance.cpp:385][Send] x:378600,	y:-665588,	z:2387.31,	h:190.653,	p:0,	r:0
[2025-10-28 21:41:28.735] [NetDataInstance.cpp:393][Send] x:379076,	y:-668042,	z:2387.31,	h:190.972,	p:5.46272e-05,	r:0
[2025-10-28 21:41:28.736] [NetDataInstance.cpp:401][Send] x:379566,	y:-670494,	z:2387.32,	h:191.29,	p:-0.00187225,	r:0
[2025-10-28 21:41:28.736] [NetDataInstance.cpp:409][Send] x:380069,	y:-672943,	z:2387.15,	h:191.608,	p:0.00212167,	r:0
[2025-10-28 21:41:28.736] [NetDataInstance.cpp:417][Send] x:380585,	y:-675389,	z:2387.42,	h:191.928,	p:0.072723,	r:0
[2025-10-28 21:41:28.736] [NetDataInstance.cpp:425][Send] x:380585,	y:-675389,	z:2387.42,	h:12.2487,	p:-0.143324,	r:0
[2025-10-28 21:41:28.750] [NetDataInstance.cpp:360][Send] --------------------------------------------------------
[2025-10-28 21:41:28.750] [NetDataInstance.cpp:369][Send] x:377689,	y:-660672,	z:2387.31,	h:190.011,	p:0,	r:0
[2025-10-28 21:41:28.750] [NetDataInstance.cpp:377][Send] x:378138,	y:-663131,	z:2387.31,	h:190.333,	p:0,	r:0
[2025-10-28 21:41:28.750] [NetDataInstance.cpp:385][Send] x:378600,	y:-665588,	z:2387.31,	h:190.653,	p:0,	r:0
[2025-10-28 21:41:28.750] [NetDataInstance.cpp:393][Send] x:379076,	y:-668042,	z:2387.31,	h:190.972,	p:5.46272e-05,	r:0
[2025-10-28 21:41:28.750] [NetDataInstance.cpp:401][Send] x:379566,	y:-670494,	z:2387.32,	h:191.29,	p:-0.00187225,	r:0
[2025-10-28 21:41:28.750] [NetDataInstance.cpp:409][Send] x:380069,	y:-672943,	z:2387.15,	h:191.608,	p:0.00212167,	r:0
[2025-10-28 21:41:28.750] [NetDataInstance.cpp:417][Send] x:380585,	y:-675389,	z:2387.42,	h:191.928,	p:0.072723,	r:0
[2025-10-28 21:41:28.750] [NetDataInstance.cpp:425][Send] x:380585,	y:-675389,	z:2387.42,	h:12.2487,	p:-0.143324,	r:0
[2025-10-28 21:41:28.765] [NetDataInstance.cpp:360][Send] --------------------------------------------------------
[2025-10-28 21:41:28.765] [NetDataInstance.cpp:369][Send] x:377689,	y:-660672,	z:2387.31,	h:190.011,	p:0,	r:0
[2025-10-28 21:41:28.765] [NetDataInstance.cpp:377][Send] x:378138,	y:-663131,	z:2387.31,	h:190.333,	p:0,	r:0
[2025-10-28 21:41:28.765] [NetDataInstance.cpp:385][Send] x:378600,	y:-665588,	z:2387.31,	h:190.653,	p:0,	r:0
[2025-10-28 21:41:28.765] [NetDataInstance.cpp:393][Send] x:379076,	y:-668042,	z:2387.31,	h:190.972,	p:5.46272e-05,	r:0
[2025-10-28 21:41:28.766] [NetDataInstance.cpp:401][Send] x:379566,	y:-670494,	z:2387.32,	h:191.29,	p:-0.00187225,	r:0
[2025-10-28 21:41:28.766] [NetDataInstance.cpp:409][Send] x:380069,	y:-672943,	z:2387.15,	h:191.608,	p:0.00212167,	r:0
[2025-10-28 21:41:28.766] [NetDataInstance.cpp:417][Send] x:380585,	y:-675389,	z:2387.42,	h:191.928,	p:0.072723,	r:0
[2025-10-28 21:41:28.766] [NetDataInstance.cpp:425][Send] x:380585,	y:-675389,	z:2387.42,	h:12.2487,	p:-0.143324,	r:0
